modeled_time,plants_baseline,plants_experiment,rabbits_baseline,rabbits_experiment,voles_baseline,voles_experiment,foxes_baseline,foxes_experiment,owls_baseline,owls_experiment,capacity_baseline,capacity_experiment,refuge_cover_percent_baseline,refuge_cover_percent_experiment
0.0,110.00000,110.00000,35.00000,35.00000,28.00000,28.00000,9.00000,9.00000,6.00000,6.00000,160.00,160.00,0.00,0.00
0.1,110.07894,110.07894,34.81483,34.81483,27.47924,27.47924,9.03158,9.03158,6.02842,6.02842,160.00,160.00,0.00,0.00
0.2,110.17976,110.17976,34.62735,34.62735,26.96079,26.96079,9.06297,9.06297,6.05648,6.05648,160.00,160.00,0.00,0.00
0.3,110.30179,110.30179,34.43756,34.43756,26.44473,26.44473,9.09417,9.09417,6.08415,6.08415,160.00,160.00,0.00,0.00
0.4,110.44438,110.44438,34.24548,34.24548,25.93117,25.93117,9.12517,9.12517,6.11141,6.11141,160.00,160.00,0.00,0.00
0.5,110.60688,110.60688,34.05110,34.05110,25.42020,25.42020,9.15595,9.15595,6.13826,6.13826,160.00,160.00,0.00,0.00
0.6,110.78867,110.78867,33.85443,33.85443,24.91194,24.91194,9.18652,9.18652,6.16466,6.16466,160.00,160.00,0.00,0.00
0.7,110.98914,110.98914,33.65547,33.65547,24.40649,24.40649,9.21686,9.21686,6.19061,6.19061,160.00,160.00,0.00,0.00
0.8,111.20767,111.20767,33.45424,33.45424,23.90394,23.90394,9.24696,9.24696,6.21609,6.21609,160.00,160.00,0.00,0.00
0.9,111.44368,111.44368,33.25072,33.25072,23.40442,23.40442,9.27681,9.27681,6.24107,6.24107,160.00,160.00,0.00,0.00
1.0,111.69658,111.69658,33.04493,33.04493,22.90802,22.90802,9.30641,9.30641,6.26554,6.26554,160.00,160.00,0.00,0.00
1.1,111.96579,111.96579,32.83688,32.83688,22.41487,22.41487,9.33574,9.33574,6.28947,6.28947,160.00,160.00,0.00,0.00
1.2,112.25074,112.25074,32.62655,32.62655,21.92506,21.92506,9.36480,9.36480,6.31286,6.31286,160.00,160.00,0.00,0.00
1.3,112.55087,112.55087,32.41396,32.41396,21.43871,21.43871,9.39357,9.39357,6.33567,6.33567,160.00,160.00,0.00,0.00
1.4,112.86562,112.86562,32.19910,32.19910,20.95594,20.95594,9.42205,9.42205,6.35790,6.35790,160.00,160.00,0.00,0.00
1.5,113.19443,113.19443,31.98199,31.98199,20.47686,20.47686,9.45022,9.45022,6.37951,6.37951,160.00,160.00,0.00,0.00
1.6,113.53677,113.53677,31.76263,31.76263,20.00159,20.00159,9.47807,9.47807,6.40049,6.40049,160.00,160.00,0.00,0.00
1.7,113.89208,113.89208,31.54101,31.54101,19.53025,19.53025,9.50560,9.50560,6.42082,6.42082,160.00,160.00,0.00,0.00
1.8,114.25984,114.25984,31.31715,31.31715,19.06296,19.06296,9.53279,9.53279,6.44048,6.44048,160.00,160.00,0.00,0.00
1.9,114.63951,114.63951,31.09105,31.09105,18.59983,18.59983,9.55963,9.55963,6.45944,6.45944,160.00,160.00,0.00,0.00
2.0,115.03057,115.03057,30.86271,30.86271,18.14100,18.14100,9.58611,9.58611,6.47769,6.47769,160.00,160.00,0.00,0.00
2.1,115.43248,115.43248,30.63215,30.63215,17.68658,17.68658,9.61222,9.61222,6.49521,6.49521,160.00,160.00,0.00,0.00
2.2,115.84474,115.84474,30.39936,30.39936,17.23670,17.23670,9.63794,9.63794,6.51197,6.51197,160.00,160.00,0.00,0.00
2.3,116.26683,116.26683,30.16437,30.16437,16.79148,16.79148,9.66327,9.66327,6.52795,6.52795,160.00,160.00,0.00,0.00
2.4,116.69824,116.69824,29.92717,29.92717,16.35104,16.35104,9.68820,9.68820,6.54314,6.54314,160.00,160.00,0.00,0.00
2.5,117.13846,117.13846,29.68778,29.68778,15.91552,15.91552,9.71270,9.71270,6.55751,6.55751,160.00,160.00,0.00,0.00
2.6,117.58700,117.58700,29.44621,29.44621,15.48502,15.48502,9.73678,9.73678,6.57104,6.57104,160.00,160.00,0.00,0.00
2.7,118.04335,118.04335,29.20247,29.20247,15.05969,15.05969,9.76041,9.76041,6.58372,6.58372,160.00,160.00,0.00,0.00
2.8,118.50703,118.50703,28.95659,28.95659,14.63964,14.63964,9.78358,9.78358,6.59551,6.59551,160.00,160.00,0.00,0.00
2.9,118.97756,118.97756,28.70857,28.70857,14.22499,14.22499,9.80629,9.80629,6.60641,6.60641,160.00,160.00,0.00,0.00
3.0,119.45444,119.45444,28.45843,28.45843,13.81587,13.81587,9.82851,9.82851,6.61639,6.61639,160.00,160.00,0.00,0.00
3.1,119.93722,119.93722,28.20621,28.20621,13.41239,13.41239,9.85024,9.85024,6.62544,6.62544,160.00,160.00,0.00,0.00
3.2,120.42541,120.42541,27.95191,27.95191,13.01468,13.01468,9.87146,9.87146,6.63353,6.63353,160.00,160.00,0.00,0.00
3.3,120.91856,120.91856,27.69556,27.69556,12.62285,12.62285,9.89217,9.89217,6.64066,6.64066,160.00,160.00,0.00,0.00
3.4,121.41621,121.41621,27.43720,27.43720,12.23701,12.23701,9.91234,9.91234,6.64679,6.64679,160.00,160.00,0.00,0.00
3.5,121.91791,121.91791,27.17686,27.17686,11.85728,11.85728,9.93196,9.93196,6.65192,6.65192,160.00,160.00,0.00,0.00
3.6,122.42323,122.42323,26.91455,26.91455,11.48377,11.48377,9.95103,9.95103,6.65603,6.65603,160.00,160.00,0.00,0.00
3.7,122.93172,122.93172,26.65033,26.65033,11.11657,11.11657,9.96952,9.96952,6.65911,6.65911,160.00,160.00,0.00,0.00
3.8,123.44296,123.44296,26.38423,26.38423,10.75579,10.75579,9.98742,9.98742,6.66114,6.66114,160.00,160.00,0.00,0.00
3.9,123.95653,123.95653,26.11628,26.11628,10.40153,10.40153,10.00473,10.00473,6.66212,6.66212,160.00,160.00,0.00,0.00
4.0,124.47202,124.47202,25.84654,25.84654,10.05388,10.05388,10.02142,10.02142,6.66202,6.66202,160.00,160.00,0.00,0.00
4.1,124.98903,124.98903,25.57505,25.57505,9.71291,9.71291,10.03749,10.03749,6.66084,6.66084,160.00,160.00,0.00,0.00
4.2,125.50717,125.50717,25.30185,25.30185,9.37872,9.37872,10.05292,10.05292,6.65857,6.65857,160.00,160.00,0.00,0.00
4.3,126.02605,126.02605,25.02702,25.02702,9.05138,9.05138,10.06769,10.06769,6.65520,6.65520,160.00,160.00,0.00,0.00
4.4,126.54530,126.54530,24.75059,24.75059,8.73095,8.73095,10.08180,10.08180,6.65073,6.65073,160.00,160.00,0.00,0.00
4.5,127.06455,127.06455,24.47263,24.47263,8.41750,8.41750,10.09524,10.09524,6.64515,6.64515,160.00,160.00,0.00,0.00
4.6,127.58345,127.58345,24.19320,24.19320,8.11108,8.11108,10.10798,10.10798,6.63847,6.63847,160.00,160.00,0.00,0.00
4.7,128.10165,128.10165,23.91237,23.91237,7.81173,7.81173,10.12002,10.12002,6.63066,6.63066,160.00,160.00,0.00,0.00
4.8,128.61883,128.61883,23.63021,23.63021,7.51950,7.51950,10.13135,10.13135,6.62175,6.62175,160.00,160.00,0.00,0.00
4.9,129.13465,129.13465,23.34680,23.34680,7.23442,7.23442,10.14194,10.14194,6.61173,6.61173,160.00,160.00,0.00,0.00
5.0,129.64881,129.64881,23.06220,23.06220,6.95651,6.95651,10.15180,10.15180,6.60059,6.60059,160.00,160.00,0.00,0.00
5.1,130.16100,130.16100,22.77650,22.77650,6.68578,6.68578,10.16090,10.16090,6.58836,6.58836,160.00,160.00,0.00,0.00
5.2,130.67094,130.67094,22.48979,22.48979,6.42224,6.42224,10.16924,10.16924,6.57503,6.57503,160.00,160.00,0.00,0.00
5.3,131.17834,131.17834,22.20214,22.20214,6.16589,6.16589,10.17681,10.17681,6.56062,6.56062,160.00,160.00,0.00,0.00
5.4,131.68293,131.68293,21.91365,21.91365,5.91671,5.91671,10.18359,10.18359,6.54512,6.54512,160.00,160.00,0.00,0.00
5.5,132.18447,132.18447,21.62441,21.62441,5.67468,5.67468,10.18958,10.18958,6.52857,6.52857,160.00,160.00,0.00,0.00
5.6,132.68270,132.68270,21.33451,21.33451,5.43977,5.43977,10.19475,10.19475,6.51096,6.51096,160.00,160.00,0.00,0.00
5.7,133.17739,133.17739,21.04406,21.04406,5.21194,5.21194,10.19912,10.19912,6.49232,6.49232,160.00,160.00,0.00,0.00
5.8,133.66832,133.66832,20.75315,20.75315,4.99114,4.99114,10.20265,10.20265,6.47266,6.47266,160.00,160.00,0.00,0.00
5.9,134.15527,134.15527,20.46189,20.46189,4.77731,4.77731,10.20535,10.20535,6.45200,6.45200,160.00,160.00,0.00,0.00
6.0,134.63806,134.63806,20.17038,20.17038,4.57040,4.57040,10.20721,10.20721,6.43037,6.43037,160.00,160.00,0.00,0.00
6.1,135.11648,135.11648,19.87873,19.87873,4.37032,4.37032,10.20821,10.20821,6.40778,6.40778,160.00,160.00,0.00,0.00
6.2,135.59037,135.59037,19.58705,19.58705,4.17700,4.17700,10.20836,10.20836,6.38425,6.38425,160.00,160.00,0.00,0.00
6.3,136.05956,136.05956,19.29546,19.29546,3.99033,3.99033,10.20763,10.20763,6.35982,6.35982,160.00,160.00,0.00,0.00
6.4,136.52388,136.52388,19.00405,19.00405,3.81023,3.81023,10.20603,10.20603,6.33450,6.33450,160.00,160.00,0.00,0.00
6.5,136.98321,136.98321,18.71296,18.71296,3.63660,3.63660,10.20355,10.20355,6.30833,6.30833,160.00,160.00,0.00,0.00
6.6,137.43741,137.43741,18.42229,18.42229,3.46931,3.46931,10.20018,10.20018,6.28133,6.28133,160.00,160.00,0.00,0.00
6.7,137.88634,137.88634,18.13216,18.13216,3.30826,3.30826,10.19592,10.19592,6.25353,6.25353,160.00,160.00,0.00,0.00
6.8,138.32991,138.32991,17.84268,17.84268,3.15332,3.15332,10.19076,10.19076,6.22497,6.22497,160.00,160.00,0.00,0.00
6.9,138.76800,138.76800,17.55398,17.55398,3.00436,3.00436,10.18470,10.18470,6.19566,6.19566,160.00,160.00,0.00,0.00
7.0,139.20053,139.20053,17.26617,17.26617,2.86125,2.86125,10.17773,10.17773,6.16564,6.16564,160.00,160.00,0.00,0.00
7.1,139.62741,139.62741,16.97937,16.97937,2.72386,2.72386,10.16985,10.16985,6.13495,6.13495,160.00,160.00,0.00,0.00
7.2,140.04856,140.04856,16.69369,16.69369,2.59203,2.59203,10.16106,10.16106,6.10361,6.10361,160.00,160.00,0.00,0.00
7.3,140.46393,140.46393,16.40925,16.40925,2.46564,2.46564,10.15135,10.15135,6.07166,6.07166,160.00,160.00,0.00,0.00
7.4,140.87345,140.87345,16.12617,16.12617,2.34454,2.34454,10.14073,10.14073,6.03913,6.03913,160.00,160.00,0.00,0.00
7.5,141.27708,141.27708,15.84455,15.84455,2.22857,2.22857,10.12918,10.12918,6.00605,6.00605,160.00,160.00,0.00,0.00
7.6,141.67477,141.67477,15.56452,15.56452,2.11759,2.11759,10.11672,10.11672,5.97245,5.97245,160.00,160.00,0.00,0.00
7.7,142.06650,142.06650,15.28618,15.28618,2.01144,2.01144,10.10334,10.10334,5.93837,5.93837,160.00,160.00,0.00,0.00
7.8,142.45223,142.45223,15.00964,15.00964,1.90999,1.90999,10.08903,10.08903,5.90384,5.90384,160.00,160.00,0.00,0.00
7.9,142.83195,142.83195,14.73502,14.73502,1.81307,1.81307,10.07381,10.07381,5.86888,5.86888,160.00,160.00,0.00,0.00
8.0,143.20564,143.20564,14.46240,14.46240,1.72053,1.72053,10.05768,0.00000,5.83353,5.83353,160.00,160.00,0.00,0.00
8.1,143.57331,143.56726,14.19191,14.52492,1.63222,1.68656,10.04063,0.00000,5.79782,5.79795,160.00,160.00,0.00,0.00
8.2,143.93494,143.90736,13.92363,14.58776,1.54801,1.65344,10.02266,0.00000,5.76178,5.76238,160.00,160.00,0.00,0.00
8.3,144.29055,144.22698,13.65766,14.65091,1.46773,1.62114,10.00379,0.00000,5.72543,5.72683,160.00,160.00,0.00,0.00
8.4,144.64015,144.52716,13.39411,14.71438,1.39124,1.58964,9.98402,0.00000,5.68881,5.69131,160.00,160.00,0.00,0.00
8.5,144.98375,144.80884,13.13305,14.77814,1.31840,1.55892,9.96334,0.00000,5.65195,5.65581,160.00,160.00,0.00,0.00
8.6,145.32137,145.07298,12.87458,14.84222,1.24907,1.52897,9.94177,0.00000,5.61486,5.62035,160.00,160.00,0.00,0.00
8.7,145.65304,145.32045,12.61878,14.90659,1.18311,1.49976,9.91931,0.00000,5.57758,5.58493,160.00,160.00,0.00,0.00
8.8,145.97879,145.55213,12.36574,14.97125,1.12039,1.47127,9.89597,0.00000,5.54013,5.54956,160.00,160.00,0.00,0.00
8.9,146.29865,145.76881,12.11552,15.03621,1.06076,1.44348,9.87175,0.00000,5.50254,5.51424,160.00,160.00,0.00,0.00
9.0,146.61266,145.97129,11.86821,15.10146,1.00410,1.41638,9.84666,0.00000,5.46482,5.47899,160.00,160.00,0.00,0.00
9.1,146.92086,146.16030,11.62387,15.16700,0.95029,1.38994,9.82071,0.00000,5.42700,5.44379,160.00,160.00,0.00,0.00
9.2,147.22328,146.33655,11.38257,15.23282,0.89920,1.36416,9.79390,0.00000,5.38911,5.40867,160.00,160.00,0.00,0.00
9.3,147.51999,146.50072,11.14437,15.29892,0.85072,1.33901,9.76625,0.00000,5.35116,5.37363,160.00,160.00,0.00,0.00
9.4,147.81102,146.65344,10.90933,15.36530,0.80471,1.31448,9.73777,0.00000,5.31317,5.33866,160.00,160.00,0.00,0.00
9.5,148.09642,146.79534,10.67750,15.43196,0.76109,1.29054,9.70846,0.00000,5.27516,5.30378,160.00,160.00,0.00,0.00
9.6,148.37626,146.92698,10.44893,15.49889,0.71973,1.26720,9.67834,0.00000,5.23716,5.26899,160.00,160.00,0.00,0.00
9.7,148.65058,147.04891,10.22367,15.56610,0.68052,1.24442,9.64742,0.00000,5.19916,5.23429,160.00,160.00,0.00,0.00
9.8,148.91944,147.16167,10.00176,15.63358,0.64338,1.22220,9.61570,0.00000,5.16120,5.19969,160.00,160.00,0.00,0.00
9.9,149.18290,147.26573,9.78323,15.70132,0.60820,1.20051,9.58321,0.00000,5.12329,5.16519,160.00,160.00,0.00,0.00
10.0,149.44102,147.36158,9.56813,15.76934,0.57489,1.17936,9.54995,0.00000,5.08544,5.13079,160.00,160.00,0.00,0.00
10.1,149.69386,147.44964,9.35647,15.83762,0.54335,1.15871,9.51593,0.00000,5.04766,5.09651,160.00,160.00,0.00,0.00
10.2,149.94149,147.53036,9.14828,15.90617,0.51350,1.13857,9.48117,0.00000,5.00997,5.06234,160.00,160.00,0.00,0.00
10.3,150.18396,147.60411,8.94358,15.97498,0.48526,1.11891,9.44569,0.00000,4.97239,5.02828,160.00,160.00,0.00,0.00
10.4,150.42135,147.67128,8.74240,16.04406,0.45855,1.09972,9.40950,0.00000,4.93491,4.99435,160.00,160.00,0.00,0.00
10.5,150.65371,147.73223,8.54474,16.11339,0.43328,1.08100,9.37260,0.00000,4.89756,4.96053,160.00,160.00,0.00,0.00
10.6,150.88112,147.78729,8.35061,16.18299,0.40939,1.06272,9.33503,0.00000,4.86033,4.92685,160.00,160.00,0.00,0.00
10.7,151.10364,147.83677,8.16002,16.25284,0.38680,1.04488,9.29678,0.00000,4.82325,4.89329,160.00,160.00,0.00,0.00
10.8,151.32133,147.88099,7.97297,16.32295,0.36546,1.02746,9.25789,0.00000,4.78632,4.85986,160.00,160.00,0.00,0.00
10.9,151.53428,147.92021,7.78946,16.39332,0.34529,1.01046,9.21835,0.00000,4.74955,4.82657,160.00,160.00,0.00,0.00
11.0,151.74253,147.95472,7.60949,16.46395,0.32623,0.99386,9.17820,0.00000,4.71295,4.79341,160.00,160.00,0.00,0.00
11.1,151.94617,147.98477,7.43303,16.53483,0.30822,0.97766,9.13745,0.00000,4.67651,4.76039,160.00,160.00,0.00,0.00
11.2,152.14527,148.01058,7.26009,16.60597,0.29121,0.96184,9.09611,0.00000,4.64026,4.72751,160.00,160.00,0.00,0.00
11.3,152.33988,148.03240,7.09065,16.67736,0.27515,0.94639,9.05420,0.00000,4.60419,4.69478,160.00,160.00,0.00,0.00
11.4,152.53009,148.05043,6.92469,16.74900,0.25998,0.93130,9.01174,0.00000,4.56831,4.66219,160.00,160.00,0.00,0.00
11.5,152.71595,148.06487,6.76218,16.82089,0.24566,0.91657,8.96875,0.00000,4.53263,4.62975,160.00,160.00,0.00,0.00
11.6,152.89755,148.07591,6.60312,16.89304,0.23214,0.90218,8.92524,0.00000,4.49714,4.59746,160.00,160.00,0.00,0.00
11.7,153.07494,148.08374,6.44746,16.96544,0.21938,0.88812,8.88123,0.00000,4.46187,4.56532,160.00,160.00,0.00,0.00
11.8,153.24821,148.08851,6.29517,17.03808,0.20733,0.87440,8.83674,0.00000,4.42680,4.53333,160.00,160.00,0.00,0.00
11.9,153.41741,148.09039,6.14624,17.11098,0.19596,0.86099,8.79179,0.00000,4.39194,4.50150,160.00,160.00,0.00,0.00
12.0,153.58262,148.08954,6.00063,17.18413,0.18523,0.84789,8.74639,0.00000,4.35729,4.46982,160.00,160.00,0.00,0.00
12.1,153.74390,148.08608,5.85829,17.25753,0.17511,0.83509,8.70056,0.00000,4.32287,4.43830,160.00,160.00,0.00,0.00
12.2,153.90134,148.08016,5.71919,17.33117,0.16555,0.82258,8.65433,0.00000,4.28866,4.40693,160.00,160.00,0.00,0.00
12.3,154.05498,148.07189,5.58330,17.40507,0.15653,0.81036,8.60771,0.00000,4.25468,4.37573,160.00,160.00,0.00,0.00
12.4,154.20491,148.06141,5.45057,17.47921,0.14803,0.79843,8.56071,0.00000,4.22092,4.34469,160.00,160.00,0.00,0.00
12.5,154.35119,148.04881,5.32096,17.55359,0.14000,0.78676,8.51336,0.00000,4.18738,4.31381,160.00,160.00,0.00,0.00
12.6,154.49389,148.03421,5.19442,17.62823,0.13242,0.77536,8.46567,0.00000,4.15408,4.28309,160.00,160.00,0.00,0.00
12.7,154.63308,148.01770,5.07091,17.70311,0.12527,0.76421,8.41766,0.00000,4.12100,4.25254,160.00,160.00,0.00,0.00
12.8,154.76882,147.99938,4.95039,17.77824,0.11853,0.75332,8.36936,0.00000,4.08815,4.22215,160.00,160.00,0.00,0.00
12.9,154.90118,147.97934,4.83280,17.85361,0.11217,0.74267,8.32077,0.00000,4.05553,4.19192,160.00,160.00,0.00,0.00
13.0,155.03023,147.95766,4.71809,17.92923,0.10616,0.73226,8.27191,0.00000,4.02315,4.16186,160.00,160.00,0.00,0.00
13.1,155.15603,147.93441,4.60623,18.00510,0.10049,0.72208,8.22280,0.00000,3.99099,4.13197,160.00,160.00,0.00,0.00
13.2,155.27864,147.90968,4.49715,18.08121,0.09515,0.71213,8.17346,0.00000,3.95907,4.10225,160.00,160.00,0.00,0.00
13.3,155.39814,147.88353,4.39081,18.15756,0.09010,0.70240,8.12391,0.00000,3.92738,4.07269,160.00,160.00,0.00,0.00
13.4,155.51459,147.85603,4.28715,18.23416,0.08534,0.69289,8.07416,0.00000,3.89592,4.04331,160.00,160.00,0.00,0.00
13.5,155.62805,147.82723,4.18612,18.31100,0.08084,0.68359,8.02422,0.00000,3.86469,4.01409,160.00,160.00,0.00,0.00
13.6,155.73858,147.79720,4.08768,18.38809,0.07660,0.67449,7.97412,0.00000,3.83369,3.98504,160.00,160.00,0.00,0.00
13.7,155.84625,147.76600,3.99177,18.46542,0.07260,0.66559,7.92387,0.00000,3.80293,3.95616,160.00,160.00,0.00,0.00
13.8,155.95112,147.73367,3.89834,18.54299,0.06882,0.65689,7.87349,0.00000,3.77240,3.92745,160.00,160.00,0.00,0.00
13.9,156.05324,147.70026,3.80733,18.62081,0.06525,0.64837,7.82298,0.00000,3.74209,3.89891,160.00,160.00,0.00,0.00
14.0,156.15269,147.66583,3.71870,18.69886,0.06188,0.64004,7.77238,0.00000,3.71202,3.87054,160.00,160.00,0.00,0.00
14.1,156.24951,147.63040,3.63239,18.77717,0.05869,0.63189,7.72168,0.00000,3.68218,3.84234,160.00,160.00,0.00,0.00
14.2,156.34378,147.59403,3.54835,18.85571,0.05569,0.62392,7.67091,0.00000,3.65257,3.81431,160.00,160.00,0.00,0.00
14.3,156.43554,147.55676,3.46653,18.93450,0.05285,0.61612,7.62008,0.00000,3.62318,3.78645,160.00,160.00,0.00,0.00
14.4,156.52486,147.51861,3.38688,19.01352,0.05017,0.60848,7.56920,0.00000,3.59402,3.75876,160.00,160.00,0.00,0.00
14.5,156.61178,147.47963,3.30934,19.09279,0.04763,0.60101,7.51828,0.00000,3.56508,3.73124,160.00,160.00,0.00,0.00
14.6,156.69638,147.43984,3.23388,19.17230,0.04524,0.59370,7.46735,0.00000,3.53638,3.70389,160.00,160.00,0.00,0.00
14.7,156.77870,147.39929,3.16043,19.25205,0.04297,0.58655,7.41641,0.00000,3.50789,3.67671,160.00,160.00,0.00,0.00
14.8,156.85879,147.35799,3.08895,19.33204,0.04084,0.57954,7.36548,0.00000,3.47963,3.64971,160.00,160.00,0.00,0.00
14.9,156.93672,147.31597,3.01940,19.41228,0.03881,0.57269,7.31456,0.00000,3.45159,3.62287,160.00,160.00,0.00,0.00
15.0,157.01253,147.27326,2.95171,19.49275,0.03690,0.56598,7.26367,0.00000,3.42377,3.59620,160.00,160.00,0.00,0.00
15.1,157.08628,147.22988,2.88586,19.57346,0.03509,0.55941,7.21282,0.00000,3.39616,3.56970,160.00,160.00,0.00,0.00
15.2,157.15801,147.18587,2.82178,19.65442,0.03338,0.55297,7.16203,0.00000,3.36878,3.54337,160.00,160.00,0.00,0.00
15.3,157.22778,147.14123,2.75944,19.73561,0.03176,0.54667,7.11129,0.00000,3.34161,3.51721,160.00,160.00,0.00,0.00
15.4,157.29563,147.09599,2.69878,19.81704,0.03023,0.54051,7.06063,0.00000,3.31466,3.49122,160.00,160.00,0.00,0.00
15.5,157.36162,147.05017,2.63978,19.89871,0.02878,0.53447,7.01006,0.00000,3.28792,3.46540,160.00,160.00,0.00,0.00
15.6,157.42579,147.00378,2.58237,19.98062,0.02741,0.52855,6.95957,0.00000,3.26140,3.43974,160.00,160.00,0.00,0.00
15.7,157.48820,146.95685,2.52653,20.06277,0.02611,0.52276,6.90919,0.00000,3.23509,3.41425,160.00,160.00,0.00,0.00
15.8,157.54887,146.90939,2.47220,20.14516,0.02488,0.51709,6.85892,0.00000,3.20898,3.38893,160.00,160.00,0.00,0.00
15.9,157.60787,146.86141,2.41935,20.22778,0.02372,0.51153,6.80877,0.00000,3.18309,3.36378,160.00,160.00,0.00,0.00
16.0,157.66522,146.81294,2.36794,20.31064,0.02261,0.50609,6.75875,0.00000,3.15740,3.33879,160.00,160.00,0.00,0.00
16.1,157.72099,146.76398,2.31792,20.39374,0.02157,0.50075,6.70887,0.00000,3.13192,3.31397,160.00,160.00,0.00,0.00
16.2,157.77520,146.71454,2.26927,20.47708,0.02058,0.49553,6.65913,0.00000,3.10664,3.28931,160.00,160.00,0.00,0.00
16.3,157.82791,146.66465,2.22194,20.56065,0.01964,0.49041,6.60955,0.00000,3.08157,3.26482,160.00,160.00,0.00,0.00
16.4,157.87914,146.61430,2.17589,20.64446,0.01875,0.48540,6.56012,0.00000,3.05669,3.24049,160.00,160.00,0.00,0.00
16.5,157.92895,146.56352,2.13110,20.72851,0.01790,0.48048,6.51086,0.00000,3.03202,3.21632,160.00,160.00,0.00,0.00
16.6,157.97737,146.51231,2.08752,20.81279,0.01710,0.47567,6.46178,0.00000,3.00755,3.19232,160.00,160.00,0.00,0.00
16.7,158.02443,146.46068,2.04512,20.89731,0.01634,0.47095,6.41288,0.00000,2.98327,3.16848,160.00,160.00,0.00,0.00
16.8,158.07018,146.40865,2.00387,20.98206,0.01562,0.46632,6.36416,0.00000,2.95919,3.14480,160.00,160.00,0.00,0.00
16.9,158.11464,146.35621,1.96374,21.06705,0.01493,0.46179,6.31564,0.00000,2.93530,3.12128,160.00,160.00,0.00,0.00
17.0,158.15787,146.30339,1.92469,21.15227,0.01428,0.45735,6.26731,0.00000,2.91161,3.09793,160.00,160.00,0.00,0.00
17.1,158.19988,146.25018,1.88670,21.23773,0.01366,0.45299,6.21919,0.00000,2.88811,3.07473,160.00,160.00,0.00,0.00
17.2,158.24072,146.19659,1.84973,21.32342,0.01307,0.44873,6.17128,0.00000,2.86479,3.05169,160.00,160.00,0.00,0.00
17.3,158.28041,146.14264,1.81375,21.40935,0.01252,0.44454,6.12357,0.00000,2.84167,3.02882,160.00,160.00,0.00,0.00
17.4,158.31900,146.08832,1.77874,21.49551,0.01199,0.44044,6.07609,0.00000,2.81873,3.00609,160.00,160.00,0.00,0.00
17.5,158.35650,146.03365,1.74467,21.58190,0.01148,0.43642,6.02883,0.00000,2.79598,2.98353,160.00,160.00,0.00,0.00
17.6,158.39296,145.97863,1.71151,21.66852,0.01100,0.43248,5.98180,0.00000,2.77341,2.96112,160.00,160.00,0.00,0.00
17.7,158.42839,145.92326,1.67923,21.75538,0.01055,0.42861,5.93500,0.00000,2.75103,2.93887,160.00,160.00,0.00,0.00
17.8,158.46284,145.86756,1.64782,21.84246,0.01011,0.42482,5.88843,0.00000,2.72883,2.91678,160.00,160.00,0.00,0.00
17.9,158.49632,145.81153,1.61724,21.92978,0.00970,0.42111,5.84210,0.00000,2.70680,2.89484,160.00,160.00,0.00,0.00
18.0,158.52887,145.75516,1.58747,22.01733,0.00930,0.41746,5.79601,0.00000,2.68496,2.87305,160.00,160.00,0.00,0.00
18.1,158.56052,145.69847,1.55849,22.10511,0.00893,0.41389,5.75017,0.00000,2.66329,2.85141,160.00,160.00,0.00,0.00
18.2,158.59128,145.64147,1.53028,22.19312,0.00857,0.41038,5.70458,0.00000,2.64180,2.82993,160.00,160.00,0.00,0.00
18.3,158.62118,145.58414,1.50281,22.28136,0.00823,0.40695,5.65923,0.00000,2.62049,2.80860,160.00,160.00,0.00,0.00
18.4,158.65025,145.52651,1.47606,22.36983,0.00791,0.40357,5.61414,0.00000,2.59934,2.78742,160.00,160.00,0.00,0.00
18.5,158.67852,145.46857,1.45001,22.45853,0.00760,0.40027,5.56930,0.00000,2.57837,2.76639,160.00,160.00,0.00,0.00
18.6,158.70600,145.41033,1.42465,22.54745,0.00731,0.39702,5.52472,0.00000,2.55757,2.74550,160.00,160.00,0.00,0.00
18.7,158.73272,145.35178,1.39994,22.63661,0.00703,0.39384,5.48040,0.00000,2.53693,2.72477,160.00,160.00,0.00,0.00
18.8,158.75870,145.29294,1.37588,22.72599,0.00676,0.39072,5.43634,0.00000,2.51647,2.70418,160.00,160.00,0.00,0.00
18.9,158.78397,145.23381,1.35244,22.81560,0.00650,0.38766,5.39255,0.00000,2.49617,2.68374,160.00,160.00,0.00,0.00
19.0,158.80853,145.17438,1.32961,22.90543,0.00626,0.38466,5.34902,0.00000,2.47604,2.66345,160.00,160.00,0.00,0.00
19.1,158.83242,145.11467,1.30737,22.99549,0.00602,0.38171,5.30576,0.00000,2.45606,2.64330,160.00,160.00,0.00,0.00
19.2,158.85566,145.05467,1.28570,23.08578,0.00580,0.37882,5.26276,0.00000,2.43626,2.62330,160.00,160.00,0.00,0.00
19.3,158.87826,144.99439,1.26458,23.17629,0.00559,0.37598,5.22004,0.00000,2.41661,2.60344,160.00,160.00,0.00,0.00
19.4,158.90023,144.93383,1.24401,23.26702,0.00539,0.37320,5.17759,0.00000,2.39712,2.58372,160.00,160.00,0.00,0.00
19.5,158.92161,144.87299,1.22395,23.35798,0.00519,0.37047,5.13540,0.00000,2.37779,2.56415,160.00,160.00,0.00,0.00
19.6,158.94241,144.81187,1.20441,23.44916,0.00501,0.36779,5.09349,0.00000,2.35862,2.54471,160.00,160.00,0.00,0.00
19.7,158.96264,144.75048,1.18536,23.54057,0.00483,0.36517,5.05185,0.00000,2.33960,2.52542,160.00,160.00,0.00,0.00
19.8,158.98232,144.68882,1.16680,23.63219,0.00466,0.36259,5.01049,0.00000,2.32074,2.50626,160.00,160.00,0.00,0.00
19.9,159.00146,144.62689,1.14870,23.72404,0.00450,0.36006,4.96940,0.00000,2.30203,2.48725,160.00,160.00,0.00,0.00
20.0,159.02009,144.56469,1.13105,23.81611,0.00434,0.35757,4.92858,0.00000,2.28347,2.46837,160.00,160.00,0.00,0.00
20.1,159.03822,144.50223,1.11385,23.90840,0.00419,0.35514,4.88804,0.00000,2.26507,2.44963,160.00,160.00,0.00,0.00
20.2,159.05586,144.43950,1.09708,24.00091,0.00405,0.35274,4.84778,0.00000,2.24681,2.43103,160.00,160.00,0.00,0.00
20.3,159.07302,144.37651,1.08072,24.09364,0.00391,0.35040,4.80779,0.00000,2.22870,2.41256,160.00,160.00,0.00,0.00
20.4,159.08973,144.31325,1.06476,24.18658,0.00378,0.34809,4.76808,0.00000,2.21074,2.39422,160.00,160.00,0.00,0.00
20.5,159.10599,144.24974,1.04921,24.27975,0.00366,0.34583,4.72864,0.00000,2.19293,2.37602,160.00,160.00,0.00,0.00
20.6,159.12181,144.18597,1.03403,24.37313,0.00354,0.34362,4.68948,0.00000,2.17525,2.35795,160.00,160.00,0.00,0.00
20.7,159.13722,144.12194,1.01923,24.46673,0.00342,0.34144,4.65059,0.00000,2.15773,2.34002,160.00,160.00,0.00,0.00
20.8,159.15221,144.05765,1.00478,24.56054,0.00331,0.33930,4.61198,0.00000,2.14034,2.32222,160.00,160.00,0.00,0.00
20.9,159.16682,143.99312,0.99069,24.65457,0.00320,0.33721,4.57364,0.00000,2.12310,2.30454,160.00,160.00,0.00,0.00
21.0,159.18103,143.92832,0.97695,24.74882,0.00310,0.33515,4.53558,0.00000,2.10600,2.28700,160.00,160.00,0.00,0.00
21.1,159.19488,143.86328,0.96353,24.84327,0.00301,0.33313,4.49779,0.00000,2.08903,2.26958,160.00,160.00,0.00,0.00
21.2,159.20836,143.79798,0.95044,24.93795,0.00291,0.33115,4.46027,0.00000,2.07221,2.25230,160.00,160.00,0.00,0.00
21.3,159.22148,143.73244,0.93767,25.03283,0.00282,0.32920,4.42303,0.00000,2.05552,2.23514,160.00,160.00,0.00,0.00
21.4,159.23427,143.66664,0.92520,25.12792,0.00274,0.32729,4.38606,0.00000,2.03896,2.21811,160.00,160.00,0.00,0.00
21.5,159.24672,143.60060,0.91302,25.22323,0.00265,0.32542,4.34936,0.00000,2.02254,2.20120,160.00,160.00,0.00,0.00
21.6,159.25885,143.53431,0.90114,25.31875,0.00257,0.32358,4.31294,0.00000,2.00625,2.18442,160.00,160.00,0.00,0.00
21.7,159.27067,143.46778,0.88954,25.41447,0.00250,0.32177,4.27678,0.00000,1.99010,2.16776,160.00,160.00,0.00,0.00
21.8,159.28219,143.40100,0.87822,25.51041,0.00242,0.32000,4.24089,0.00000,1.97408,2.15123,160.00,160.00,0.00,0.00
21.9,159.29340,143.33397,0.86716,25.60655,0.00235,0.31826,4.20527,0.00000,1.95818,2.13482,160.00,160.00,0.00,0.00
22.0,159.30433,143.26671,0.85636,25.70290,0.00228,0.31656,4.16992,0.00000,1.94242,2.11853,160.00,160.00,0.00,0.00
22.1,159.31499,143.19920,0.84582,25.79946,0.00222,0.31488,4.13484,0.00000,1.92678,2.10236,160.00,160.00,0.00,0.00
22.2,159.32537,143.13144,0.83552,25.89622,0.00215,0.31324,4.10002,0.00000,1.91127,2.08631,160.00,160.00,0.00,0.00
22.3,159.33549,143.06345,0.82547,25.99319,0.00209,0.31162,4.06547,0.00000,1.89589,2.07038,160.00,160.00,0.00,0.00
22.4,159.34535,142.99522,0.81564,26.09036,0.00203,0.31004,4.03118,0.00000,1.88063,2.05457,160.00,160.00,0.00,0.00
22.5,159.35496,142.92675,0.80605,26.18773,0.00198,0.30849,3.99715,0.00000,1.86550,2.03887,160.00,160.00,0.00,0.00
22.6,159.36434,142.85803,0.79667,26.28531,0.00192,0.30696,3.96339,0.00000,1.85048,2.02330,160.00,160.00,0.00,0.00
22.7,159.37347,142.78908,0.78752,26.38309,0.00187,0.30547,3.92988,0.00000,1.83559,2.00784,160.00,160.00,0.00,0.00
22.8,159.38238,142.71990,0.77857,26.48107,0.00182,0.30400,3.89664,0.00000,1.82082,1.99249,160.00,160.00,0.00,0.00
22.9,159.39107,142.65047,0.76983,26.57924,0.00177,0.30256,3.86365,0.00000,1.80617,1.97726,160.00,160.00,0.00,0.00
23.0,159.39954,142.58081,0.76128,26.67762,0.00172,0.30114,3.83092,0.00000,1.79164,1.96215,160.00,160.00,0.00,0.00
23.1,159.40781,142.51092,0.75294,26.77620,0.00168,0.29976,3.79844,0.00000,1.77723,1.94714,160.00,160.00,0.00,0.00
23.2,159.41587,142.44079,0.74478,26.87497,0.00164,0.29839,3.76622,0.00000,1.76293,1.93225,160.00,160.00,0.00,0.00
23.3,159.42373,142.37042,0.73680,26.97394,0.00159,0.29706,3.73425,0.00000,1.74875,1.91747,160.00,160.00,0.00,0.00
23.4,159.43140,142.29982,0.72901,27.07310,0.00155,0.29575,3.70254,0.00000,1.73469,1.90280,160.00,160.00,0.00,0.00
23.5,159.43888,142.22899,0.72139,27.17246,0.00151,0.29446,3.67107,0.00000,1.72074,1.88825,160.00,160.00,0.00,0.00
23.6,159.44618,142.15793,0.71395,27.27201,0.00148,0.29320,3.63986,0.00000,1.70690,1.87380,160.00,160.00,0.00,0.00
23.7,159.45330,142.08663,0.70667,27.37175,0.00144,0.29196,3.60889,0.00000,1.69317,1.85946,160.00,160.00,0.00,0.00
23.8,159.46025,142.01510,0.69955,27.47169,0.00140,0.29075,3.57817,0.00000,1.67956,1.84522,160.00,160.00,0.00,0.00
23.9,159.46704,141.94334,0.69259,27.57181,0.00137,0.28956,3.54769,0.00000,1.66605,1.83110,160.00,160.00,0.00,0.00
24.0,159.47365,141.87135,0.68579,27.67213,0.00134,0.28839,3.51746,0.00000,1.65266,1.81708,160.00,160.00,0.00,0.00