relative_light_level,base_current_A,collector_current_A,collector_voltage_V,drive_voltage_V,region,project,supply_voltage_V,base_resistance_ohm,lamp_resistance_ohm,divider_resistance_ohm,beta,model_vbe_V,model_vce_sat_V,light_dark_resistance_ohm,light_bright_resistance_ohm
0,0.00020142857142857148,0.020142857142857146,0.5685714285714276,2.7142857142857144,active,dark,5,10000,220,10000,100,0.7,0.2,100000,1000
0.5,0.00020112783911126113,0.020112783911126114,0.575187539552255,2.7112783911126117,active,dark,5,10000,220,10000,100,0.7,0.2,100000,1000
1,0.00020082079092104263,0.020082079092104264,0.5819425997370615,2.7082079092104263,active,dark,5,10000,220,10000,100,0.7,0.2,100000,1000
1.5,0.000200507309768745,0.0200507309768745,0.5888391850876102,2.70507309768745,active,dark,5,10000,220,10000,100,0.7,0.2,100000,1000
2,0.00020018727708978753,0.020018727708978754,0.5958799040246738,2.7018727708978756,active,dark,5,10000,220,10000,100,0.7,0.2,100000,1000
2.5,0.00019986057285822836,0.019986057285822836,0.6030673971189762,2.698605728582284,active,dark,5,10000,220,10000,100,0.7,0.2,100000,1000
3,0.00019952707560276126,0.019952707560276128,0.6104043367392515,2.695270756027613,active,dark,5,10000,220,10000,100,0.7,0.2,100000,1000
3.5,0.00019918666242474186,0.019918666242474188,0.6178934266556784,2.691866624247419,active,dark,5,10000,220,10000,100,0.7,0.2,100000,1000
4,0.00019883920901832925,0.019883920901832927,0.6255374015967563,2.688392090183293,active,dark,5,10000,220,10000,100,0.7,0.2,100000,1000
4.5,0.00019848458969282698,0.0198484589692827,0.6333390267578061,2.6848458969282696,active,dark,5,10000,220,10000,100,0.7,0.2,100000,1000
5,0.00019812267739731173,0.019812267739731174,0.6413010972591415,2.6812267739731173,active,dark,5,10000,220,10000,100,0.7,0.2,100000,1000
5.5,0.00019775334374763835,0.019775334374763833,0.6494264375519565,2.6775334374763844,active,dark,5,10000,220,10000,100,0.7,0.2,100000,1000
6,0.00019737645905590977,0.019737645905590975,0.6577179007699856,2.673764590559098,active,dark,5,10000,220,10000,100,0.7,0.2,100000,1000
6.5,0.00019699189236250386,0.019699189236250386,0.6661783680249149,2.6699189236250387,active,dark,5,10000,220,10000,100,0.7,0.2,100000,1000
7,0.00019659951147074813,0.019659951147074813,0.6748107476435417,2.6659951147074814,active,dark,5,10000,220,10000,100,0.7,0.2,100000,1000
7.5,0.00019619918298433608,0.019619918298433608,0.6836179743446067,2.661991829843361,active,dark,5,10000,220,10000,100,0.7,0.2,100000,1000
8,0.00019579077234757676,0.019579077234757675,0.692603008353311,2.6579077234757684,active,dark,5,10000,220,10000,100,0.7,0.2,100000,1000
8.5,0.00019537414388857277,0.019537414388857276,0.701768834451399,2.653741438885728,active,dark,5,10000,220,10000,100,0.7,0.2,100000,1000
9,0.00019494916086542038,0.01949491608654204,0.7111184609607513,2.6494916086542037,active,dark,5,10000,220,10000,100,0.7,0.2,100000,1000
9.5,0.00019451568551552627,0.019451568551552625,0.7206549186584228,2.645156855155263,active,dark,5,10000,220,10000,100,0.7,0.2,100000,1000
10,0.00019407357910813388,0.019407357910813387,0.7303812596210548,2.6407357910813385,active,dark,5,10000,220,10000,100,0.7,0.2,100000,1000
10.5,0.00019362270200015523,0.019362270200015522,0.7403005559965852,2.6362270200015523,active,dark,5,10000,220,10000,100,0.7,0.2,100000,1000
11,0.00019316291369539973,0.019316291369539974,0.7504158987012053,2.6316291369539977,active,dark,5,10000,220,10000,100,0.7,0.2,100000,1000
11.5,0.00019269407290729328,0.01926940729072933,0.7607303960395475,2.626940729072933,active,dark,5,10000,220,10000,100,0.7,0.2,100000,1000
12,0.00019221603762517928,0.019221603762517928,0.7712471722460563,2.6221603762517933,active,dark,5,10000,220,10000,100,0.7,0.2,100000,1000
12.5,0.00019172866518429028,0.01917286651842903,0.7819693659456135,2.617286651842903,active,dark,5,10000,220,10000,100,0.7,0.2,100000,1000
13,0.0001912318123394803,0.01912318123394803,0.792900128531433,2.612318123394803,active,dark,5,10000,220,10000,100,0.7,0.2,100000,1000
13.5,0.00019072533534280272,0.019072533534280272,0.8040426224583399,2.6072533534280273,active,dark,5,10000,220,10000,100,0.7,0.2,100000,1000
14,0.00019020909002501825,0.019020909002501824,0.8154000194495987,2.602090900250183,active,dark,5,10000,220,10000,100,0.7,0.2,100000,1000
14.5,0.0001896829318811137,0.018968293188111367,0.8269754986154991,2.596829318811137,active,dark,5,10000,220,10000,100,0.7,0.2,100000,1000
15,0.00018914671615990973,0.018914671615990974,0.8387722444819854,2.591467161599098,active,dark,5,10000,220,10000,100,0.7,0.2,100000,1000
15.5,0.00018860029795783232,0.01886002979578323,0.8507934449276888,2.5860029795783235,active,dark,5,10000,220,10000,100,0.7,0.2,100000,1000
16,0.00018804353231691772,0.018804353231691773,0.8630422890278098,2.5804353231691772,active,dark,5,10000,220,10000,100,0.7,0.2,100000,1000
16.5,0.0001874762743271173,0.01874762743271173,0.8755219648034194,2.574762743271173,active,dark,5,10000,220,10000,100,0.7,0.2,100000,1000
17,0.0001868983792329641,0.018689837923296412,0.8882356568747891,2.5689837923296412,active,dark,5,10000,220,10000,100,0.7,0.2,100000,1000
17.5,0.0001863097025446558,0.018630970254465577,0.9011865440175733,2.5630970254465577,active,dark,5,10000,220,10000,100,0.7,0.2,100000,1000
18,0.00018571010015360493,0.018571010015360493,0.9143777966206912,2.557101001536049,active,dark,5,10000,220,10000,100,0.7,0.2,100000,1000
18.5,0.0001850994284525003,0.01850994284525003,0.9278125740449932,2.550994284525003,active,dark,5,10000,220,10000,100,0.7,0.2,100000,1000
19,0.00018447754445991544,0.018447754445991543,0.9414940218818604,2.5447754445991544,active,dark,5,10000,220,10000,100,0.7,0.2,100000,1000
19.5,0.00018384430594949483,0.018384430594949482,0.9554252691111138,2.538443059494948,active,dark,5,10000,220,10000,100,0.7,0.2,100000,1000
20,0.00018319957158373845,0.018319957158373847,0.9696094251577536,2.5319957158373843,active,dark,5,10000,220,10000,100,0.7,0.2,100000,1000
20.5,0.00018254320105239833,0.01825432010523983,0.9840495768472373,2.525432010523983,active,dark,5,10000,220,10000,100,0.7,0.2,100000,1000
21,0.00018187505521549067,0.018187505521549067,0.9987487852592052,2.518750552154906,active,dark,5,10000,220,10000,100,0.7,0.2,100000,1000
21.5,0.00018119499625091816,0.018119499625091816,1.0137100824798004,2.5119499625091812,active,dark,5,10000,220,10000,100,0.7,0.2,100000,1000
22,0.00018050288780668624,0.018050288780668625,1.0289364682529025,2.505028878066862,active,dark,5,10000,220,10000,100,0.7,0.2,100000,1000
22.5,0.00017979859515768678,0.01797985951576868,1.0444309065308905,2.497985951576868,active,dark,5,10000,220,10000,100,0.7,0.2,100000,1000
23,0.00017908198536701098,0.017908198536701097,1.0601963219257589,2.49081985367011,active,dark,5,10000,220,10000,100,0.7,0.2,100000,1000
23.5,0.00017835292745174073,0.017835292745174074,1.0762355960617036,2.483529274517408,active,dark,5,10000,220,10000,100,0.7,0.2,100000,1000
24,0.00017761129255315647,0.017761129255315648,1.0925515638305576,2.476112925531565,active,dark,5,10000,220,10000,100,0.7,0.2,100000,1000
24.5,0.00017685695411128407,0.017685695411128407,1.1091470095517506,2.468569541112841,active,dark,5,10000,220,10000,100,0.7,0.2,100000,1000
25,0.00017608978804369292,0.01760897880436929,1.126024663038756,2.4608978804369293,active,dark,5,10000,220,10000,100,0.7,0.2,100000,1000
25.5,0.00017530967292843786,0.017530967292843785,1.143187195574367,2.453096729284379,active,dark,5,10000,220,10000,100,0.7,0.2,100000,1000
26,0.00017451649019102888,0.01745164901910289,1.1606372157973643,2.445164901910288,active,dark,5,10000,220,10000,100,0.7,0.2,100000,1000
26.5,0.00017371012429529098,0.017371012429529098,1.1783772655035984,2.43710124295291,active,dark,5,10000,220,10000,100,0.7,0.2,100000,1000
27,0.0001728904629379661,0.01728904629379661,1.1964098153647456,2.4289046293796606,active,dark,5,10000,220,10000,100,0.7,0.2,100000,1000
27.5,0.00017205739724688706,0.017205739724688706,1.2147372605684845,2.42057397246887,active,dark,5,10000,220,10000,100,0.7,0.2,100000,1000
28,0.0001712108219825409,0.01712108219825409,1.2333619163841005,2.412108219825409,active,dark,5,10000,220,10000,100,0.7,0.2,100000,1000
28.5,0.00017035063574282014,0.017035063574282014,1.2522860136579568,2.403506357428202,active,dark,5,10000,220,10000,100,0.7,0.2,100000,1000
29,0.00016947674117074048,0.016947674117074048,1.2715116942437095,2.3947674117074045,active,dark,5,10000,220,10000,100,0.7,0.2,100000,1000
29.5,0.00016858904516488932,0.016858904516488932,1.291041006372435,2.3858904516488932,active,dark,5,10000,220,10000,100,0.7,0.2,100000,1000
30,0.00016768745909234766,0.016768745909234765,1.3108758999683516,2.3768745909234767,active,dark,5,10000,220,10000,100,0.7,0.2,100000,1000
30.5,0.00016677189900381024,0.016677189900381025,1.3310182219161746,2.367718990038102,active,dark,5,10000,220,10000,100,0.7,0.2,100000,1000
31,0.00016584228585061068,0.01658422858506107,1.351469711286565,2.3584228585061062,active,dark,5,10000,220,10000,100,0.7,0.2,100000,1000
31.5,0.00016489854570333811,0.016489854570333813,1.3722319945265613,2.348985457033381,active,dark,5,10000,220,10000,100,0.7,0.2,100000,1000
32,0.00016394060997171282,0.01639406099717128,1.3933065806223182,2.3394060997171287,active,dark,5,10000,220,10000,100,0.7,0.2,100000,1000
32.5,0.0001629684156253705,0.01629684156253705,1.4146948562418489,2.3296841562537045,active,dark,5,10000,220,10000,100,0.7,0.2,100000,1000
33,0.00016198190541518253,0.01619819054151825,1.4363980808659846,2.319819054151825,active,dark,5,10000,220,10000,100,0.7,0.2,100000,1000
33.5,0.00016098102809472567,0.016098102809472565,1.4584173819160355,2.3098102809472563,active,dark,5,10000,220,10000,100,0.7,0.2,100000,1000
34,0.00015996573864148996,0.015996573864148995,1.4807537498872212,2.2996573864149,active,dark,5,10000,220,10000,100,0.7,0.2,100000,1000
34.5,0.00015893599847740107,0.01589359984774011,1.503408033497176,2.2893599847740105,active,dark,5,10000,220,10000,100,0.7,0.2,100000,1000
35,0.0001578917756882097,0.01578917756882097,1.5263809348593864,2.2789177568820964,active,dark,5,10000,220,10000,100,0.7,0.2,100000,1000
35.5,0.00015683304524128844,0.015683304524128843,1.5496730046916545,2.2683304524128847,active,dark,5,10000,220,10000,100,0.7,0.2,100000,1000
36,0.00015575978920135615,0.015575978920135614,1.5732846375701648,2.2575978920135613,active,dark,5,10000,220,10000,100,0.7,0.2,100000,1000
36.5,0.00015467199694363412,0.015467199694363411,1.5972160672400495,2.2467199694363416,active,dark,5,10000,220,10000,100,0.7,0.2,100000,1000
37,0.00015356966536392573,0.015356966536392572,1.6214673619936342,2.2356966536392577,active,dark,5,10000,220,10000,100,0.7,0.2,100000,1000
37.5,0.00015245279908509318,0.015245279908509317,1.64603842012795,2.2245279908509312,active,dark,5,10000,220,10000,100,0.7,0.2,100000,1000
38,0.00015132141065939367,0.015132141065939367,1.6709289654933395,2.213214106593936,active,dark,5,10000,220,10000,100,0.7,0.2,100000,1000
38.5,0.00015017552076612676,0.015017552076612676,1.6961385431452114,2.2017552076612676,active,dark,5,10000,220,10000,100,0.7,0.2,100000,1000
39,0.00014901515840402913,0.014901515840402913,1.7216665151113593,2.1901515840402914,active,dark,5,10000,220,10000,100,0.7,0.2,100000,1000
39.5,0.00014784036107784893,0.014784036107784893,1.7475120562873236,2.178403610778489,active,dark,5,10000,220,10000,100,0.7,0.2,100000,1000
40,0.0001466511749785197,0.014665117497851972,1.7736741504725662,2.1665117497851973,active,dark,5,10000,220,10000,100,0.7,0.2,100000,1000
40.5,0.00014544765515635096,0.014544765515635095,1.800151586560279,2.1544765515635094,active,dark,5,10000,220,10000,100,0.7,0.2,100000,1000
41,0.00014422986568664363,0.014422986568664363,1.8269429548938403,2.142298656866436,active,dark,5,10000,220,10000,100,0.7,0.2,100000,1000
41.5,0.0001429978798271413,0.01429978798271413,1.8540466438028913,2.1299787982714125,active,dark,5,10000,220,10000,100,0.7,0.2,100000,1000
42,0.00014175178016672188,0.014175178016672188,1.8814608363321188,2.1175178016672183,active,dark,5,10000,220,10000,100,0.7,0.2,100000,1000
42.5,0.0001404916587647392,0.01404916587647392,1.9091835071757375,2.1049165876473923,active,dark,5,10000,220,10000,100,0.7,0.2,100000,1000
43,0.00013921761728042628,0.013921761728042627,1.937212419830622,2.0921761728042627,active,dark,5,10000,220,10000,100,0.7,0.2,100000,1000
43.5,0.000137929767091776,0.013792976709177599,1.9655451239809283,2.07929767091776,active,dark,5,10000,220,10000,100,0.7,0.2,100000,1000
44,0.00013662822940332565,0.013662822940332565,1.9941789531268355,2.0662822940332566,active,dark,5,10000,220,10000,100,0.7,0.2,100000,1000
44.5,0.00013531313534227954,0.013531313534227953,2.02311102246985,2.0531313534227955,active,dark,5,10000,220,10000,100,0.7,0.2,100000,1000
45,0.00013398462604241707,0.013398462604241707,2.0523382270668247,2.039846260424171,active,dark,5,10000,220,10000,100,0.7,0.2,100000,1000
45.5,0.00013264285271524925,0.013264285271524925,2.0818572402645166,2.0264285271524924,active,dark,5,10000,220,10000,100,0.7,0.2,100000,1000
46,0.0001312879767079037,0.013128797670790369,2.111664512426119,2.012879767079037,active,dark,5,10000,220,10000,100,0.7,0.2,100000,1000
46.5,0.00012992016954723848,0.012992016954723847,2.1417562699607537,1.9992016954723848,active,dark,5,10000,220,10000,100,0.7,0.2,100000,1000
47,0.00012853961296970673,0.012853961296970673,2.172128514666452,1.985396129697067,active,dark,5,10000,220,10000,100,0.7,0.2,100000,1000
47.5,0.00012714649893652108,0.012714649893652109,2.202777023396536,1.9714649893652108,active,dark,5,10000,220,10000,100,0.7,0.2,100000,1000
48,0.00012574102963369287,0.012574102963369287,2.2336973480587567,1.9574102963369289,active,dark,5,10000,220,10000,100,0.7,0.2,100000,1000
48.5,0.0001243234174565519,0.01243234174565519,2.2648848159558583,1.9432341745655193,active,dark,5,10000,220,10000,100,0.7,0.2,100000,1000
49,0.00012289388497838526,0.012289388497838526,2.2963345304755243,1.9289388497838524,active,dark,5,10000,220,10000,100,0.7,0.2,100000,1000
49.5,0.0001214526649028684,0.01214526649028684,2.328041372136895,1.914526649028684,active,dark,5,10000,220,10000,100,0.7,0.2,100000,1000
50,0.00012,0.012,2.36,1.9,active,dark,5,10000,220,10000,100,0.7,0.2,100000,1000
50.5,0.0001185361430252896,0.01185361430252896,2.3922048534436287,1.885361430252896,active,dark,5,10000,220,10000,100,0.7,0.2,100000,1000
51,0.00011706135662199135,0.011706135662199135,2.4246501543161902,1.8706135662199133,active,dark,5,10000,220,10000,100,0.7,0.2,100000,1000
51.5,0.00011557591320621897,0.011557591320621896,2.4573299094631826,1.8557591320621896,active,dark,5,10000,220,10000,100,0.7,0.2,100000,1000
52,0.00011408009483482328,0.011408009483482327,2.490237913633888,1.8408009483482326,active,dark,5,10000,220,10000,100,0.7,0.2,100000,1000
52.5,0.0001125741930559611,0.01125741930559611,2.5233677527688556,1.825741930559611,active,dark,5,10000,220,10000,100,0.7,0.2,100000,1000
53,0.00011105850874233279,0.011105850874233278,2.5567128076686787,1.8105850874233278,active,dark,5,10000,220,10000,100,0.7,0.2,100000,1000
53.5,0.00010953335190711579,0.010953335190711578,2.5902662580434526,1.795333519071158,active,dark,5,10000,220,10000,100,0.7,0.2,100000,1000
54,0.00010799904150267346,0.010799904150267346,2.624021086941184,1.7799904150267345,active,dark,5,10000,220,10000,100,0.7,0.2,100000,1000
54.5,0.00010645590520217005,0.010645590520217005,2.6579700855522588,1.7645590520217005,active,dark,5,10000,220,10000,100,0.7,0.2,100000,1000
55,0.00010490427916427595,0.010490427916427595,2.692105858385929,1.7490427916427596,active,dark,5,10000,220,10000,100,0.7,0.2,100000,1000
55.5,0.00010334450778120065,0.010334450778120065,2.726420828813586,1.7334450778120065,active,dark,5,10000,220,10000,100,0.7,0.2,100000,1000
56,0.000101776943410345,0.0101776943410345,2.76090724497241,1.7177694341034502,active,dark,5,10000,220,10000,100,0.7,0.2,100000,1000
56.5,0.00010020194608991772,0.010020194608991772,2.7955571860218105,1.7020194608991772,active,dark,5,10000,220,10000,100,0.7,0.2,100000,1000
57,0.00009861988323891382,0.009861988323891383,2.8303625687438956,1.6861988323891381,active,dark,5,10000,220,10000,100,0.7,0.2,100000,1000
57.5,0.00009703112934190787,0.009703112934190787,2.8653151544780266,1.6703112934190787,active,dark,5,10000,220,10000,100,0.7,0.2,100000,1000
58,0.00009543606561916384,0.009543606561916385,2.900406556378395,1.6543606561916384,active,dark,5,10000,220,10000,100,0.7,0.2,100000,1000
58.5,0.00009383507968261718,0.009383507968261718,2.935628246982422,1.6383507968261717,active,dark,5,10000,220,10000,100,0.7,0.2,100000,1000
59,0.00009222856517833347,0.009222856517833347,2.970971566076664,1.6222856517833346,active,dark,5,10000,220,10000,100,0.7,0.2,100000,1000
59.5,0.00009061692141609559,0.009061692141609559,3.006427728845897,1.6061692141609556,active,dark,5,10000,220,10000,100,0.7,0.2,100000,1000
60,0.00008900055298681901,0.0089000552986819,3.0419878342899818,1.59000552986819,active,dark,5,10000,220,10000,100,0.7,0.2,100000,1000
60.5,0.00008737986936853793,0.008737986936853792,3.0776428738921657,1.5737986936853794,active,dark,5,10000,220,10000,100,0.7,0.2,100000,1000
61,0.00008575528452174771,0.00857552845217477,3.1133837405215505,1.557552845217477,active,dark,5,10000,220,10000,100,0.7,0.2,100000,1000
61.5,0.00008412721647492809,0.008412721647492809,3.149201237551582,1.5412721647492809,active,dark,5,10000,220,10000,100,0.7,0.2,100000,1000
62,0.00008249608690110848,0.008249608690110847,3.1850860881756136,1.5249608690110845,active,dark,5,10000,220,10000,100,0.7,0.2,100000,1000
62.5,0.00008086232068636978,0.008086232068636979,3.2210289448998646,1.5086232068636978,active,dark,5,10000,220,10000,100,0.7,0.2,100000,1000
63,0.00007922634549120874,0.007922634549120873,3.257020399193408,1.4922634549120872,active,dark,5,10000,220,10000,100,0.7,0.2,100000,1000
63.5,0.0000775885913057163,0.00775885913057163,3.2930509912742414,1.4758859130571629,active,dark,5,10000,220,10000,100,0.7,0.2,100000,1000
64,0.00007594948999954684,0.007594948999954684,3.3291112200099695,1.4594948999954684,active,dark,5,10000,220,10000,100,0.7,0.2,100000,1000
64.5,0.00007430947486767361,0.007430947486767361,3.3651915529111807,1.443094748676736,active,dark,5,10000,220,10000,100,0.7,0.2,100000,1000
65,0.00007266898017294265,0.007266898017294265,3.401282436195262,1.4266898017294263,active,dark,5,10000,220,10000,100,0.7,0.2,100000,1000
65.5,0.00007102844068644975,0.007102844068644975,3.4373743048981056,1.4102844068644975,active,dark,5,10000,220,10000,100,0.7,0.2,100000,1000
66,0.00006938829122677325,0.006938829122677325,3.4734575930109886,1.3938829122677325,active,dark,5,10000,220,10000,100,0.7,0.2,100000,1000
66.5,0.00006774896619909998,0.006774896619909998,3.5095227436198004,1.3774896619909995,active,dark,5,10000,220,10000,100,0.7,0.2,100000,1000
67,0.00006611089913528145,0.006611089913528145,3.545560219023808,1.3611089913528143,active,dark,5,10000,220,10000,100,0.7,0.2,100000,1000
67.5,0.00006447452223585572,0.006447452223585572,3.5815605108111743,1.3447452223585572,active,dark,5,10000,220,10000,100,0.7,0.2,100000,1000
68,0.00006284026591505992,0.0062840265915059925,3.617514149868682,1.328402659150599,active,dark,5,10000,220,10000,100,0.7,0.2,100000,1000
68.5,0.0000612085583498491,0.006120855834984911,3.65341171630332,1.312085583498491,active,dark,5,10000,220,10000,100,0.7,0.2,100000,1000
69,0.00005957982503392158,0.0059579825033921575,3.6892438492537254,1.2957982503392158,active,dark,5,10000,220,10000,100,0.7,0.2,100000,1000
69.5,0.00005795448833772955,0.005795448833772955,3.72500125656995,1.2795448833772953,active,dark,5,10000,220,10000,100,0.7,0.2,100000,1000
70,0.000056332967075434634,0.005633296707543463,3.760674724340438,1.2633296707543464,active,dark,5,10000,220,10000,100,0.7,0.2,100000,1000
70.5,0.00005471567607973752,0.005471567607973752,3.796255126245774,1.2471567607973753,active,dark,5,10000,220,10000,100,0.7,0.2,100000,1000
71,0.00005310302578548435,0.005310302578548435,3.831733432719344,1.2310302578548435,active,dark,5,10000,220,10000,100,0.7,0.2,100000,1000
71.5,0.00005149542182291769,0.0051495421822917685,3.867100719895811,1.2149542182291768,active,dark,5,10000,220,10000,100,0.7,0.2,100000,1000
72,0.00004989326462140461,0.004989326462140461,3.9023481783290985,1.198932646214046,active,dark,5,10000,220,10000,100,0.7,0.2,100000,1000
72.5,0.00004829694902443528,0.004829694902443528,3.937467121462424,1.1829694902443526,active,dark,5,10000,220,10000,100,0.7,0.2,100000,1000
73,0.0000467068639166442,0.00467068639166442,3.9724489938338277,1.167068639166442,active,dark,5,10000,220,10000,100,0.7,0.2,100000,1000
73.5,0.0000451233918635624,0.00451233918635624,4.007285379001627,1.151233918635624,active,dark,5,10000,220,10000,100,0.7,0.2,100000,1000
74,0.00004354690876476245,0.004354690876476245,4.041968007175226,1.1354690876476246,active,dark,5,10000,220,10000,100,0.7,0.2,100000,1000
74.5,0.00004197778352101142,0.004197778352101142,4.076488762537749,1.1197778352101142,active,dark,5,10000,220,10000,100,0.7,0.2,100000,1000
75,0.000040416377715996034,0.0040416377715996035,4.1108396902480875,1.1041637771599604,active,dark,5,10000,220,10000,100,0.7,0.2,100000,1000
75.5,0.00003886304531313465,0.003886304531313465,4.145013003111037,1.0886304531313464,active,dark,5,10000,220,10000,100,0.7,0.2,100000,1000
76,0.000037318132367937884,0.003731813236793788,4.179001087905367,1.0731813236793788,active,dark,5,10000,220,10000,100,0.7,0.2,100000,1000
76.5,0.000035781976756327447,0.0035781976756327446,4.212796511360796,1.0578197675632743,active,dark,5,10000,220,10000,100,0.7,0.2,100000,1000
77,0.00003425490791926932,0.0034254907919269322,4.246392025776075,1.042549079192693,active,dark,5,10000,220,10000,100,0.7,0.2,100000,1000
77.5,0.00003273724662402315,0.0032737246624023153,4.2797805742714905,1.0273724662402315,active,dark,5,10000,220,10000,100,0.7,0.2,100000,1000
78,0.000031229304742257235,0.0031229304742257237,4.31295529567034,1.0122930474225722,active,dark,5,10000,220,10000,100,0.7,0.2,100000,1000
78.5,0.000029731385045223235,0.0029731385045223234,4.345909529005089,0.9973138504522323,active,dark,5,10000,220,10000,100,0.7,0.2,100000,1000
79,0.00002824378101613366,0.002824378101613366,4.378636817645059,0.9824378101613366,active,dark,5,10000,220,10000,100,0.7,0.2,100000,1000
79.5,0.000026766776679830605,0.0026766776679830605,4.411130913043727,0.967667766798306,active,dark,5,10000,220,10000,100,0.7,0.2,100000,1000
80,0.00002530064644978481,0.002530064644978481,4.443385778104734,0.9530064644978481,active,dark,5,10000,220,10000,100,0.7,0.2,100000,1000
80.5,0.000023845654992411796,0.0023845654992411796,4.47539559016694,0.938456549924118,active,dark,5,10000,220,10000,100,0.7,0.2,100000,1000
81,0.000022402057108644064,0.0022402057108644063,4.5071547436098305,0.9240205710864406,active,dark,5,10000,220,10000,100,0.7,0.2,100000,1000
81.5,0.000020970097632650422,0.0020970097632650423,4.538657852081691,0.9097009763265042,active,dark,5,10000,220,10000,100,0.7,0.2,100000,1000
82,0.000019550011347546727,0.0019550011347546727,4.569899750353972,0.8955001134754672,active,dark,5,10000,220,10000,100,0.7,0.2,100000,1000
82.5,0.00001814202291789987,0.0018142022917899871,4.600875495806203,0.8814202291789986,active,dark,5,10000,220,10000,100,0.7,0.2,100000,1000
83,0.000016746346838783075,0.0016746346838783074,4.631580369546772,0.8674634683878307,active,dark,5,10000,220,10000,100,0.7,0.2,100000,1000
83.5,0.000015363187401101393,0.0015363187401101392,4.66200987717577,0.8536318740110139,active,dark,5,10000,220,10000,100,0.7,0.2,100000,1000
84,0.000013992738672868533,0.0013992738672868534,4.692159749196892,0.8399273867286853,active,dark,5,10000,220,10000,100,0.7,0.2,100000,1000
84.5,0.000012635184496080307,0.0012635184496080306,4.722025941086233,0.826351844960803,active,dark,5,10000,220,10000,100,0.7,0.2,100000,1000
85,0.00001129069849879683,0.001129069849879683,4.75160463302647,0.8129069849879683,active,dark,5,10000,220,10000,100,0.7,0.2,100000,1000
85.5,0.00000995944412201526,0.000995944412201526,4.780892229315664,0.7995944412201526,active,dark,5,10000,220,10000,100,0.7,0.2,100000,1000
86,0.000008641574660886482,0.0008641574660886482,4.809885357460497,0.7864157466088648,active,dark,5,10000,220,10000,100,0.7,0.2,100000,1000
86.5,0.0000073372333198033185,0.0007337233319803318,4.838580866964327,0.7733723331980331,active,dark,5,10000,220,10000,100,0.7,0.2,100000,1000
87,0.000006046553280865069,0.0006046553280865069,4.866975827820968,0.7604655328086506,active,dark,5,10000,220,10000,100,0.7,0.2,100000,1000
87.5,0.000004769657785202275,0.0004769657785202275,4.89506752872555,0.7476965778520227,active,dark,5,10000,220,10000,100,0.7,0.2,100000,1000
88,0.0000035066602266278722,0.00035066602266278725,4.922853475014187,0.7350666022662787,active,dark,5,10000,220,10000,100,0.7,0.2,100000,1000
88.5,0.0000022576642570649584,0.00022576642570649585,4.950331386344571,0.7225766425706496,active,dark,5,10000,220,10000,100,0.7,0.2,100000,1000
89,0.0000010227639031887465,0.00010227639031887464,4.977499194129847,0.7102276390318875,active,dark,5,10000,220,10000,100,0.7,0.2,100000,1000
89.5,0,0,5,0.6977441912114396,cutoff,dark,5,10000,220,10000,100,0.7,0.2,100000,1000
90,0,0,5,0.68403444301605,cutoff,dark,5,10000,220,10000,100,0.7,0.2,100000,1000
90.5,0,0,5,0.6705520877247806,cutoff,dark,5,10000,220,10000,100,0.7,0.2,100000,1000
91,0,0,5,0.6572950001207413,cutoff,dark,5,10000,220,10000,100,0.7,0.2,100000,1000
91.5,0,0,5,0.6442610079772222,cutoff,dark,5,10000,220,10000,100,0.7,0.2,100000,1000
92,0,0,5,0.6314478952745931,cutoff,dark,5,10000,220,10000,100,0.7,0.2,100000,1000
92.5,0,0,5,0.618853405344677,cutoff,dark,5,10000,220,10000,100,0.7,0.2,100000,1000
93,0,0,5,0.6064752439407426,cutoff,dark,5,10000,220,10000,100,0.7,0.2,100000,1000
93.5,0,0,5,0.5943110822315086,cutoff,dark,5,10000,220,10000,100,0.7,0.2,100000,1000
94,0,0,5,0.5823585597178038,cutoff,dark,5,10000,220,10000,100,0.7,0.2,100000,1000
94.5,0,0,5,0.5706152870707525,cutoff,dark,5,10000,220,10000,100,0.7,0.2,100000,1000
95,0,0,5,0.5590788488905849,cutoff,dark,5,10000,220,10000,100,0.7,0.2,100000,1000
95.5,0,0,5,0.5477468063853764,cutoff,dark,5,10000,220,10000,100,0.7,0.2,100000,1000
96,0,0,5,0.5366166999692298,cutoff,dark,5,10000,220,10000,100,0.7,0.2,100000,1000
96.5,0,0,5,0.5256860517795984,cutoff,dark,5,10000,220,10000,100,0.7,0.2,100000,1000
97,0,0,5,0.5149523681136349,cutoff,dark,5,10000,220,10000,100,0.7,0.2,100000,1000
97.5,0,0,5,0.5044131417836167,cutoff,dark,5,10000,220,10000,100,0.7,0.2,100000,1000
98,0,0,5,0.49406585439166145,cutoff,dark,5,10000,220,10000,100,0.7,0.2,100000,1000
98.5,0,0,5,0.4839079785240958,cutoff,dark,5,10000,220,10000,100,0.7,0.2,100000,1000
99,0,0,5,0.4739369798659805,cutoff,dark,5,10000,220,10000,100,0.7,0.2,100000,1000
99.5,0,0,5,0.4641503192364261,cutoff,dark,5,10000,220,10000,100,0.7,0.2,100000,1000
100,0,0,5,0.45454545454545453,cutoff,dark,5,10000,220,10000,100,0.7,0.2,100000,1000