input_voltage_V,base_current_A,collector_current_A,collector_voltage_V,drive_voltage_V,region,project,supply_voltage_V,base_resistance_ohm,lamp_resistance_ohm,divider_resistance_ohm,beta,model_vbe_V,model_vce_sat_V,light_dark_resistance_ohm,light_bright_resistance_ohm
0,0,0,5,0,cutoff,manual,5,12345.6789,220,,100,0.7,0.2,,
0.025,0,0,5,0.025,cutoff,manual,5,12345.6789,220,,100,0.7,0.2,,
0.05,0,0,5,0.05,cutoff,manual,5,12345.6789,220,,100,0.7,0.2,,
0.075,0,0,5,0.075,cutoff,manual,5,12345.6789,220,,100,0.7,0.2,,
0.1,0,0,5,0.1,cutoff,manual,5,12345.6789,220,,100,0.7,0.2,,
0.125,0,0,5,0.125,cutoff,manual,5,12345.6789,220,,100,0.7,0.2,,
0.15,0,0,5,0.15,cutoff,manual,5,12345.6789,220,,100,0.7,0.2,,
0.175,0,0,5,0.175,cutoff,manual,5,12345.6789,220,,100,0.7,0.2,,
0.2,0,0,5,0.2,cutoff,manual,5,12345.6789,220,,100,0.7,0.2,,
0.225,0,0,5,0.225,cutoff,manual,5,12345.6789,220,,100,0.7,0.2,,
0.25,0,0,5,0.25,cutoff,manual,5,12345.6789,220,,100,0.7,0.2,,
0.275,0,0,5,0.275,cutoff,manual,5,12345.6789,220,,100,0.7,0.2,,
0.3,0,0,5,0.3,cutoff,manual,5,12345.6789,220,,100,0.7,0.2,,
0.325,0,0,5,0.325,cutoff,manual,5,12345.6789,220,,100,0.7,0.2,,
0.35,0,0,5,0.35,cutoff,manual,5,12345.6789,220,,100,0.7,0.2,,
0.375,0,0,5,0.375,cutoff,manual,5,12345.6789,220,,100,0.7,0.2,,
0.4,0,0,5,0.4,cutoff,manual,5,12345.6789,220,,100,0.7,0.2,,
0.425,0,0,5,0.425,cutoff,manual,5,12345.6789,220,,100,0.7,0.2,,
0.45,0,0,5,0.45,cutoff,manual,5,12345.6789,220,,100,0.7,0.2,,
0.475,0,0,5,0.475,cutoff,manual,5,12345.6789,220,,100,0.7,0.2,,
0.5,0,0,5,0.5,cutoff,manual,5,12345.6789,220,,100,0.7,0.2,,
0.525,0,0,5,0.525,cutoff,manual,5,12345.6789,220,,100,0.7,0.2,,
0.55,0,0,5,0.55,cutoff,manual,5,12345.6789,220,,100,0.7,0.2,,
0.575,0,0,5,0.575,cutoff,manual,5,12345.6789,220,,100,0.7,0.2,,
0.6,0,0,5,0.6,cutoff,manual,5,12345.6789,220,,100,0.7,0.2,,
0.625,0,0,5,0.625,cutoff,manual,5,12345.6789,220,,100,0.7,0.2,,
0.65,0,0,5,0.65,cutoff,manual,5,12345.6789,220,,100,0.7,0.2,,
0.675,0,0,5,0.675,cutoff,manual,5,12345.6789,220,,100,0.7,0.2,,
0.7,0,0,5,0.7,cutoff,manual,5,12345.6789,220,,100,0.7,0.2,,
0.725,0.0000020250000184275017,0.00020250000184275017,4.955449999594595,0.725,active,manual,5,12345.6789,220,,100,0.7,0.2,,
0.75,0.000004050000036855003,0.00040500000368550034,4.91089999918919,0.75,active,manual,5,12345.6789,220,,100,0.7,0.2,,
0.775,0.000006075000055282505,0.0006075000055282506,4.866349998783785,0.775,active,manual,5,12345.6789,220,,100,0.7,0.2,,
0.8,0.000008100000073710007,0.0008100000073710007,4.8217999983783795,0.8,active,manual,5,12345.6789,220,,100,0.7,0.2,,
0.825,0.0000101250000921375,0.00101250000921375,4.777249997972975,0.825,active,manual,5,12345.6789,220,,100,0.7,0.2,,
0.85,0.000012150000110565002,0.0012150000110565003,4.73269999756757,0.85,active,manual,5,12345.6789,220,,100,0.7,0.2,,
0.875,0.000014175000128992504,0.0014175000128992504,4.6881499971621645,0.875,active,manual,5,12345.6789,220,,100,0.7,0.2,,
0.9,0.000016200000147420007,0.0016200000147420007,4.64359999675676,0.9,active,manual,5,12345.6789,220,,100,0.7,0.2,,
0.925,0.00001822500016584751,0.0018225000165847508,4.599049996351355,0.925,active,manual,5,12345.6789,220,,100,0.7,0.2,,
0.95,0.000020250000184275,0.0020250000184275,4.55449999594595,0.95,active,manual,5,12345.6789,220,,100,0.7,0.2,,
0.975,0.000022275000202702502,0.00222750002027025,4.509949995540545,0.975,active,manual,5,12345.6789,220,,100,0.7,0.2,,
1,0.000024300000221130004,0.0024300000221130005,4.46539999513514,1,active,manual,5,12345.6789,220,,100,0.7,0.2,,
1.025,0.0000263250002395575,0.00263250002395575,4.4208499947297355,1.025,active,manual,5,12345.6789,220,,100,0.7,0.2,,
1.05,0.000028350000257985007,0.0028350000257985008,4.37629999432433,1.05,active,manual,5,12345.6789,220,,100,0.7,0.2,,
1.075,0.000030375000276412502,0.0030375000276412502,4.331749993918925,1.075,active,manual,5,12345.6789,220,,100,0.7,0.2,,
1.1,0.000032400000294840014,0.0032400000294840014,4.28719999351352,1.1,active,manual,5,12345.6789,220,,100,0.7,0.2,,
1.125,0.0000344250003132675,0.00344250003132675,4.242649993108115,1.125,active,manual,5,12345.6789,220,,100,0.7,0.2,,
1.15,0.000036450000331695,0.0036450000331694995,4.19809999270271,1.15,active,manual,5,12345.6789,220,,100,0.7,0.2,,
1.175,0.000038475000350122505,0.0038475000350122507,4.153549992297305,1.175,active,manual,5,12345.6789,220,,100,0.7,0.2,,
1.2,0.00004050000036855,0.004050000036855,4.1089999918919,1.2,active,manual,5,12345.6789,220,,100,0.7,0.2,,
1.225,0.00004252500038697751,0.004252500038697751,4.064449991486494,1.225,active,manual,5,12345.6789,220,,100,0.7,0.2,,
1.25,0.000044550000405405004,0.0044550000405405,4.01989999108109,1.25,active,manual,5,12345.6789,220,,100,0.7,0.2,,
1.275,0.0000465750004238325,0.00465750004238325,3.975349990675685,1.275,active,manual,5,12345.6789,220,,100,0.7,0.2,,
1.3,0.00004860000044226001,0.004860000044226001,3.9307999902702795,1.3,active,manual,5,12345.6789,220,,100,0.7,0.2,,
1.325,0.0000506250004606875,0.0050625000460687505,3.886249989864875,1.325,active,manual,5,12345.6789,220,,100,0.7,0.2,,
1.35,0.00005265000047911501,0.005265000047911501,3.84169998945947,1.35,active,manual,5,12345.6789,220,,100,0.7,0.2,,
1.375,0.000054675000497542506,0.00546750004975425,3.797149989054065,1.375,active,manual,5,12345.6789,220,,100,0.7,0.2,,
1.4,0.00005670000051597,0.005670000051597,3.75259998864866,1.4,active,manual,5,12345.6789,220,,100,0.7,0.2,,
1.425,0.00005872500053439751,0.005872500053439751,3.7080499882432547,1.425,active,manual,5,12345.6789,220,,100,0.7,0.2,,
1.45,0.000060750000552825004,0.0060750000552825005,3.6634999878378496,1.45,active,manual,5,12345.6789,220,,100,0.7,0.2,,
1.475,0.00006277500057125251,0.006277500057125251,3.618949987432445,1.475,active,manual,5,12345.6789,220,,100,0.7,0.2,,
1.5,0.00006480000058968,0.006480000058968,3.57439998702704,1.5,active,manual,5,12345.6789,220,,100,0.7,0.2,,
1.525,0.0000668250006081075,0.006682500060810751,3.5298499866216346,1.525,active,manual,5,12345.6789,220,,100,0.7,0.2,,
1.55,0.000068850000626535,0.0068850000626535,3.48529998621623,1.55,active,manual,5,12345.6789,220,,100,0.7,0.2,,
1.575,0.0000708750006449625,0.00708750006449625,3.440749985810825,1.575,active,manual,5,12345.6789,220,,100,0.7,0.2,,
1.6,0.00007290000066339001,0.007290000066339001,3.3961999854054197,1.6,active,manual,5,12345.6789,220,,100,0.7,0.2,,
1.625,0.00007492500068181751,0.007492500068181751,3.351649985000015,1.625,active,manual,5,12345.6789,220,,100,0.7,0.2,,
1.65,0.000076950000700245,0.0076950000700245,3.3070999845946103,1.65,active,manual,5,12345.6789,220,,100,0.7,0.2,,
1.675,0.00007897500071867251,0.007897500071867252,3.2625499841892047,1.675,active,manual,5,12345.6789,220,,100,0.7,0.2,,
1.7,0.0000810000007371,0.00810000007371,3.2179999837838,1.7,active,manual,5,12345.6789,220,,100,0.7,0.2,,
1.725,0.00008302500075552752,0.008302500075552752,3.1734499833783945,1.725,active,manual,5,12345.6789,220,,100,0.7,0.2,,
1.75,0.000085050000773955,0.0085050000773955,3.1288999829729898,1.75,active,manual,5,12345.6789,220,,100,0.7,0.2,,
1.775,0.00008707500079238249,0.00870750007923825,3.084349982567585,1.775,active,manual,5,12345.6789,220,,100,0.7,0.2,,
1.8,0.00008910000081081001,0.008910000081081,3.0397999821621795,1.8,active,manual,5,12345.6789,220,,100,0.7,0.2,,
1.825,0.0000911250008292375,0.00911250008292375,2.995249981756775,1.825,active,manual,5,12345.6789,220,,100,0.7,0.2,,
1.85,0.00009315000084766501,0.009315000084766501,2.9506999813513697,1.85,active,manual,5,12345.6789,220,,100,0.7,0.2,,
1.875,0.0000951750008660925,0.00951750008660925,2.906149980945965,1.875,active,manual,5,12345.6789,220,,100,0.7,0.2,,
1.9,0.00009720000088452,0.009720000088452,2.86159998054056,1.9,active,manual,5,12345.6789,220,,100,0.7,0.2,,
1.925,0.0000992250009029475,0.00992250009029475,2.817049980135155,1.925,active,manual,5,12345.6789,220,,100,0.7,0.2,,
1.95,0.000101250000921375,0.010125000092137501,2.7724999797297496,1.95,active,manual,5,12345.6789,220,,100,0.7,0.2,,
1.975,0.0001032750009398025,0.01032750009398025,2.727949979324345,1.975,active,manual,5,12345.6789,220,,100,0.7,0.2,,
2,0.00010530000095823001,0.010530000095823,2.68339997891894,2,active,manual,5,12345.6789,220,,100,0.7,0.2,,
2.025,0.0001073250009766575,0.01073250009766575,2.638849978513535,2.025,active,manual,5,12345.6789,220,,100,0.7,0.2,,
2.05,0.000109350000995085,0.010935000099508499,2.5942999781081304,2.05,active,manual,5,12345.6789,220,,100,0.7,0.2,,
2.075,0.00011137500101351253,0.011137500101351252,2.5497499777027244,2.075,active,manual,5,12345.6789,220,,100,0.7,0.2,,
2.1,0.00011340000103194001,0.011340000103194001,2.5051999772973197,2.1,active,manual,5,12345.6789,220,,100,0.7,0.2,,
2.125,0.0001154250010503675,0.01154250010503675,2.460649976891915,2.125,active,manual,5,12345.6789,220,,100,0.7,0.2,,
2.15,0.000117450001068795,0.0117450001068795,2.41609997648651,2.15,active,manual,5,12345.6789,220,,100,0.7,0.2,,
2.175,0.00011947500108722249,0.01194750010872225,2.371549976081105,2.175,active,manual,5,12345.6789,220,,100,0.7,0.2,,
2.2,0.00012150000110565002,0.012150000110565003,2.3269999756756996,2.2,active,manual,5,12345.6789,220,,100,0.7,0.2,,
2.225,0.0001235250011240775,0.01235250011240775,2.282449975270295,2.225,active,manual,5,12345.6789,220,,100,0.7,0.2,,
2.25,0.000125550001142505,0.0125550001142505,2.2378999748648902,2.25,active,manual,5,12345.6789,220,,100,0.7,0.2,,
2.275,0.00012757500116093249,0.01275750011609325,2.193349974459485,2.275,active,manual,5,12345.6789,220,,100,0.7,0.2,,
2.3,0.00012960000117936,0.012960000117936,2.14879997405408,2.3,active,manual,5,12345.6789,220,,100,0.7,0.2,,
2.325,0.00013162500119778752,0.013162500119778752,2.104249973648675,2.325,active,manual,5,12345.6789,220,,100,0.7,0.2,,
2.35,0.000133650001216215,0.013365000121621501,2.0596999732432697,2.35,active,manual,5,12345.6789,220,,100,0.7,0.2,,
2.375,0.0001356750012346425,0.013567500123464249,2.0151499728378655,2.375,active,manual,5,12345.6789,220,,100,0.7,0.2,,
2.4,0.00013770000125307,0.013770000125307,1.9705999724324599,2.4,active,manual,5,12345.6789,220,,100,0.7,0.2,,
2.425,0.0001397250012714975,0.01397250012714975,1.9260499720270552,2.425,active,manual,5,12345.6789,220,,100,0.7,0.2,,
2.45,0.000141750001289925,0.0141750001289925,1.8814999716216496,2.45,active,manual,5,12345.6789,220,,100,0.7,0.2,,
2.475,0.00014377500130835253,0.014377500130835252,1.8369499712162445,2.475,active,manual,5,12345.6789,220,,100,0.7,0.2,,
2.5,0.00014580000132678001,0.014580000132678001,1.7923999708108398,2.5,active,manual,5,12345.6789,220,,100,0.7,0.2,,
2.525,0.0001478250013452075,0.014782500134520751,1.7478499704054347,2.525,active,manual,5,12345.6789,220,,100,0.7,0.2,,
2.55,0.000149850001363635,0.014985000136363499,1.7032999700000304,2.55,active,manual,5,12345.6789,220,,100,0.7,0.2,,
2.575,0.00015187500138206253,0.015187500138206253,1.6587499695946244,2.575,active,manual,5,12345.6789,220,,100,0.7,0.2,,
2.6,0.00015390000140049002,0.015390000140049003,1.6141999691892193,2.6,active,manual,5,12345.6789,220,,100,0.7,0.2,,
2.625,0.0001559250014189175,0.01559250014189175,1.569649968783815,2.625,active,manual,5,12345.6789,220,,100,0.7,0.2,,
2.65,0.000157950001437345,0.0157950001437345,1.5250999683784099,2.65,active,manual,5,12345.6789,220,,100,0.7,0.2,,
2.675,0.00015997500145577249,0.01599750014557725,1.4805499679730052,2.675,active,manual,5,12345.6789,220,,100,0.7,0.2,,
2.7,0.0001620000014742,0.01620000014742,1.4359999675676,2.7,active,manual,5,12345.6789,220,,100,0.7,0.2,,
2.725,0.00016402500149262754,0.016402500149262755,1.3914499671621936,2.725,active,manual,5,12345.6789,220,,100,0.7,0.2,,
2.75,0.00016605000151105498,0.016605000151105498,1.3468999667567907,2.75,active,manual,5,12345.6789,220,,100,0.7,0.2,,
2.775,0.00016807500152948252,0.01680750015294825,1.3023499663513847,2.775,active,manual,5,12345.6789,220,,100,0.7,0.2,,
2.8,0.00017010000154790998,0.017010000154790997,1.2577999659459809,2.8,active,manual,5,12345.6789,220,,100,0.7,0.2,,
2.825,0.0001721250015663375,0.01721250015663375,1.2132499655405748,2.825,active,manual,5,12345.6789,220,,100,0.7,0.2,,
2.85,0.00017415000158476504,0.017415000158476503,1.1686999651351693,2.85,active,manual,5,12345.6789,220,,100,0.7,0.2,,
2.875,0.0001761750016031925,0.01761750016031925,1.1241499647297655,2.875,active,manual,5,12345.6789,220,,100,0.7,0.2,,
2.9,0.00017820000162162002,0.017820000162162,1.0795999643243595,2.9,active,manual,5,12345.6789,220,,100,0.7,0.2,,
2.925,0.00018022500164004748,0.018022500164004748,1.0350499639189557,2.925,active,manual,5,12345.6789,220,,100,0.7,0.2,,
2.95,0.000182250001658475,0.0182250001658475,0.9904999635135496,2.95,active,manual,5,12345.6789,220,,100,0.7,0.2,,
2.975,0.00018427500167690253,0.018427500167690253,0.945949963108144,2.975,active,manual,5,12345.6789,220,,100,0.7,0.2,,
3,0.00018630000169533,0.018630000169533,0.9013999627027403,3,active,manual,5,12345.6789,220,,100,0.7,0.2,,
3.025,0.0001883250017137575,0.018832500171375752,0.8568499622973347,3.025,active,manual,5,12345.6789,220,,100,0.7,0.2,,
3.05,0.00019035000173218497,0.0190350001732185,0.81229996189193,3.05,active,manual,5,12345.6789,220,,100,0.7,0.2,,
3.075,0.0001923750017506125,0.01923750017506125,0.7677499614865244,3.075,active,manual,5,12345.6789,220,,100,0.7,0.2,,
3.1,0.00019440000176904003,0.019440000176904004,0.7231999610811188,3.1,active,manual,5,12345.6789,220,,100,0.7,0.2,,
3.125,0.0001964250017874675,0.01964250017874675,0.678649960675715,3.125,active,manual,5,12345.6789,220,,100,0.7,0.2,,
3.15,0.000198450001805895,0.0198450001805895,0.6340999602703103,3.15,active,manual,5,12345.6789,220,,100,0.7,0.2,,
3.175,0.00020047500182432247,0.020047500182432246,0.5895499598649057,3.175,active,manual,5,12345.6789,220,,100,0.7,0.2,,
3.2,0.00020250000184275,0.020250000184275002,0.5449999594594992,3.2,active,manual,5,12345.6789,220,,100,0.7,0.2,,
3.225,0.00020452500186117752,0.02045250018611775,0.5004499590540945,3.225,active,manual,5,12345.6789,220,,100,0.7,0.2,,
3.25,0.00020655000187960498,0.020655000187960498,0.4558999586486907,3.25,active,manual,5,12345.6789,220,,100,0.7,0.2,,
3.275,0.00020857500189803253,0.020857500189803254,0.41134995824328424,3.275,active,manual,5,12345.6789,220,,100,0.7,0.2,,
3.3,0.00021060000191646,0.021060000191646,0.36679995783788044,3.3,active,manual,5,12345.6789,220,,100,0.7,0.2,,
3.325,0.0002126250019348875,0.02126250019348875,0.32224995743247487,3.325,active,manual,5,12345.6789,220,,100,0.7,0.2,,
3.35,0.00021465000195331505,0.021465000195331506,0.2776999570270684,3.35,active,manual,5,12345.6789,220,,100,0.7,0.2,,
3.375,0.00021667500197174248,0.02166750019717425,0.2331499566216655,3.375,active,manual,5,12345.6789,220,,100,0.7,0.2,,
3.4,0.00021870000199017002,0.021818181818181816,0.20000000000000018,3.4,saturated,manual,5,12345.6789,220,,100,0.7,0.2,,
3.425,0.00022072500200859748,0.021818181818181816,0.20000000000000018,3.425,saturated,manual,5,12345.6789,220,,100,0.7,0.2,,
3.45,0.000222750002027025,0.021818181818181816,0.20000000000000018,3.45,saturated,manual,5,12345.6789,220,,100,0.7,0.2,,
3.475,0.00022477500204545254,0.021818181818181816,0.20000000000000018,3.475,saturated,manual,5,12345.6789,220,,100,0.7,0.2,,
3.5,0.00022680000206388,0.021818181818181816,0.20000000000000018,3.5,saturated,manual,5,12345.6789,220,,100,0.7,0.2,,
3.525,0.00022882500208230752,0.021818181818181816,0.20000000000000018,3.525,saturated,manual,5,12345.6789,220,,100,0.7,0.2,,
3.55,0.00023085000210073498,0.021818181818181816,0.20000000000000018,3.55,saturated,manual,5,12345.6789,220,,100,0.7,0.2,,
3.575,0.0002328750021191625,0.021818181818181816,0.20000000000000018,3.575,saturated,manual,5,12345.6789,220,,100,0.7,0.2,,
3.6,0.00023490000213759004,0.021818181818181816,0.20000000000000018,3.6,saturated,manual,5,12345.6789,220,,100,0.7,0.2,,
3.625,0.0002369250021560175,0.021818181818181816,0.20000000000000018,3.625,saturated,manual,5,12345.6789,220,,100,0.7,0.2,,
3.65,0.000238950002174445,0.021818181818181816,0.20000000000000018,3.65,saturated,manual,5,12345.6789,220,,100,0.7,0.2,,
3.675,0.00024097500219287247,0.021818181818181816,0.20000000000000018,3.675,saturated,manual,5,12345.6789,220,,100,0.7,0.2,,
3.7,0.00024300000221130002,0.021818181818181816,0.20000000000000018,3.7,saturated,manual,5,12345.6789,220,,100,0.7,0.2,,
3.725,0.00024502500222972753,0.021818181818181816,0.20000000000000018,3.725,saturated,manual,5,12345.6789,220,,100,0.7,0.2,,
3.75,0.00024705000224815496,0.021818181818181816,0.20000000000000018,3.75,saturated,manual,5,12345.6789,220,,100,0.7,0.2,,
3.775,0.0002490750022665825,0.021818181818181816,0.20000000000000018,3.775,saturated,manual,5,12345.6789,220,,100,0.7,0.2,,
3.8,0.00025110000228501,0.021818181818181816,0.20000000000000018,3.8,saturated,manual,5,12345.6789,220,,100,0.7,0.2,,
3.825,0.0002531250023034375,0.021818181818181816,0.20000000000000018,3.825,saturated,manual,5,12345.6789,220,,100,0.7,0.2,,
3.85,0.000255150002321865,0.021818181818181816,0.20000000000000018,3.85,saturated,manual,5,12345.6789,220,,100,0.7,0.2,,
3.875,0.0002571750023402925,0.021818181818181816,0.20000000000000018,3.875,saturated,manual,5,12345.6789,220,,100,0.7,0.2,,
3.9,0.00025920000235872,0.021818181818181816,0.20000000000000018,3.9,saturated,manual,5,12345.6789,220,,100,0.7,0.2,,
3.925,0.0002612250023771475,0.021818181818181816,0.20000000000000018,3.925,saturated,manual,5,12345.6789,220,,100,0.7,0.2,,
3.95,0.000263250002395575,0.021818181818181816,0.20000000000000018,3.95,saturated,manual,5,12345.6789,220,,100,0.7,0.2,,
3.975,0.0002652750024140025,0.021818181818181816,0.20000000000000018,3.975,saturated,manual,5,12345.6789,220,,100,0.7,0.2,,
4,0.00026730000243243,0.021818181818181816,0.20000000000000018,4,saturated,manual,5,12345.6789,220,,100,0.7,0.2,,
4.025,0.0002693250024508575,0.021818181818181816,0.20000000000000018,4.025,saturated,manual,5,12345.6789,220,,100,0.7,0.2,,
4.05,0.000271350002469285,0.021818181818181816,0.20000000000000018,4.05,saturated,manual,5,12345.6789,220,,100,0.7,0.2,,
4.075,0.00027337500248771253,0.021818181818181816,0.20000000000000018,4.075,saturated,manual,5,12345.6789,220,,100,0.7,0.2,,
4.1,0.00027540000250613996,0.021818181818181816,0.20000000000000018,4.1,saturated,manual,5,12345.6789,220,,100,0.7,0.2,,
4.125,0.0002774250025245675,0.021818181818181816,0.20000000000000018,4.125,saturated,manual,5,12345.6789,220,,100,0.7,0.2,,
4.15,0.00027945000254299505,0.021818181818181816,0.20000000000000018,4.15,saturated,manual,5,12345.6789,220,,100,0.7,0.2,,
4.175,0.0002814750025614225,0.021818181818181816,0.20000000000000018,4.175,saturated,manual,5,12345.6789,220,,100,0.7,0.2,,
4.2,0.00028350000257985,0.021818181818181816,0.20000000000000018,4.2,saturated,manual,5,12345.6789,220,,100,0.7,0.2,,
4.225,0.00028552500259827746,0.021818181818181816,0.20000000000000018,4.225,saturated,manual,5,12345.6789,220,,100,0.7,0.2,,
4.25,0.000287550002616705,0.021818181818181816,0.20000000000000018,4.25,saturated,manual,5,12345.6789,220,,100,0.7,0.2,,
4.275,0.00028957500263513254,0.021818181818181816,0.20000000000000018,4.275,saturated,manual,5,12345.6789,220,,100,0.7,0.2,,
4.3,0.00029160000265356,0.021818181818181816,0.20000000000000018,4.3,saturated,manual,5,12345.6789,220,,100,0.7,0.2,,
4.325,0.0002936250026719875,0.021818181818181816,0.20000000000000018,4.325,saturated,manual,5,12345.6789,220,,100,0.7,0.2,,
4.35,0.00029565000269041495,0.021818181818181816,0.20000000000000018,4.35,saturated,manual,5,12345.6789,220,,100,0.7,0.2,,
4.375,0.0002976750027088425,0.021818181818181816,0.20000000000000018,4.375,saturated,manual,5,12345.6789,220,,100,0.7,0.2,,
4.4,0.00029970000272727004,0.021818181818181816,0.20000000000000018,4.4,saturated,manual,5,12345.6789,220,,100,0.7,0.2,,
4.425,0.00030172500274569747,0.021818181818181816,0.20000000000000018,4.425,saturated,manual,5,12345.6789,220,,100,0.7,0.2,,
4.45,0.000303750002764125,0.021818181818181816,0.20000000000000018,4.45,saturated,manual,5,12345.6789,220,,100,0.7,0.2,,
4.475,0.00030577500278255245,0.021818181818181816,0.20000000000000018,4.475,saturated,manual,5,12345.6789,220,,100,0.7,0.2,,
4.5,0.00030780000280098,0.021818181818181816,0.20000000000000018,4.5,saturated,manual,5,12345.6789,220,,100,0.7,0.2,,
4.525,0.00030982500281940753,0.021818181818181816,0.20000000000000018,4.525,saturated,manual,5,12345.6789,220,,100,0.7,0.2,,
4.55,0.00031185000283783497,0.021818181818181816,0.20000000000000018,4.55,saturated,manual,5,12345.6789,220,,100,0.7,0.2,,
4.575,0.0003138750028562625,0.021818181818181816,0.20000000000000018,4.575,saturated,manual,5,12345.6789,220,,100,0.7,0.2,,
4.6,0.00031590000287468994,0.021818181818181816,0.20000000000000018,4.6,saturated,manual,5,12345.6789,220,,100,0.7,0.2,,
4.625,0.0003179250028931175,0.021818181818181816,0.20000000000000018,4.625,saturated,manual,5,12345.6789,220,,100,0.7,0.2,,
4.65,0.000319950002911545,0.021818181818181816,0.20000000000000018,4.65,saturated,manual,5,12345.6789,220,,100,0.7,0.2,,
4.675,0.00032197500292997246,0.021818181818181816,0.20000000000000018,4.675,saturated,manual,5,12345.6789,220,,100,0.7,0.2,,
4.7,0.0003240000029484,0.021818181818181816,0.20000000000000018,4.7,saturated,manual,5,12345.6789,220,,100,0.7,0.2,,
4.725,0.00032602500296682744,0.021818181818181816,0.20000000000000018,4.725,saturated,manual,5,12345.6789,220,,100,0.7,0.2,,
4.75,0.000328050002985255,0.021818181818181816,0.20000000000000018,4.75,saturated,manual,5,12345.6789,220,,100,0.7,0.2,,
4.775,0.0003300750030036825,0.021818181818181816,0.20000000000000018,4.775,saturated,manual,5,12345.6789,220,,100,0.7,0.2,,
4.8,0.00033210000302210996,0.021818181818181816,0.20000000000000018,4.8,saturated,manual,5,12345.6789,220,,100,0.7,0.2,,
4.825,0.0003341250030405375,0.021818181818181816,0.20000000000000018,4.825,saturated,manual,5,12345.6789,220,,100,0.7,0.2,,
4.85,0.000336150003058965,0.021818181818181816,0.20000000000000018,4.85,saturated,manual,5,12345.6789,220,,100,0.7,0.2,,
4.875,0.0003381750030773925,0.021818181818181816,0.20000000000000018,4.875,saturated,manual,5,12345.6789,220,,100,0.7,0.2,,
4.9,0.00034020000309582,0.021818181818181816,0.20000000000000018,4.9,saturated,manual,5,12345.6789,220,,100,0.7,0.2,,
4.925,0.0003422250031142475,0.021818181818181816,0.20000000000000018,4.925,saturated,manual,5,12345.6789,220,,100,0.7,0.2,,
4.95,0.000344250003132675,0.021818181818181816,0.20000000000000018,4.95,saturated,manual,5,12345.6789,220,,100,0.7,0.2,,
4.975,0.0003462750031511025,0.021818181818181816,0.20000000000000018,4.975,saturated,manual,5,12345.6789,220,,100,0.7,0.2,,
5,0.00034830000316952997,0.021818181818181816,0.20000000000000018,5,saturated,manual,5,12345.6789,220,,100,0.7,0.2,,