modeled_time,plants_baseline,plants_experiment,rabbits_baseline,rabbits_experiment,voles_baseline,voles_experiment,foxes_baseline,foxes_experiment,owls_baseline,owls_experiment,caterpillars_baseline,caterpillars_experiment,bluetits_baseline,bluetits_experiment,capacity_baseline,capacity_experiment,refuge_cover_percent_baseline,refuge_cover_percent_experiment,soil_detritus_baseline,soil_detritus_experiment,soil_decomposers_baseline,soil_decomposers_experiment,soil_nutrients_baseline,soil_nutrients_experiment,soil_exported_baseline,soil_exported_experiment
0.0,110.00000,110.00000,35.00000,35.00000,28.00000,28.00000,9.00000,9.00000,6.00000,6.00000,20.00000,20.00000,5.00000,5.00000,180.00,180.00,10.00,10.00,30.00000000,30.00000000,8.00000000,8.00000000,4.00000000,4.00000000,0.00000000,0.00000000
0.1,109.69187,109.69187,34.82042,34.82042,27.49512,27.49512,9.02910,9.02910,6.02561,6.02561,19.82667,19.82667,5.02848,5.02848,180.00,180.00,10.00,10.00,30.34211968,30.34211968,8.09220468,8.09220468,3.75693305,3.75693305,0.00000000,0.00000000
0.2,109.42153,109.42153,34.63839,34.63839,26.99244,26.99244,9.05798,9.05798,6.05082,6.05082,19.65252,19.65252,5.05693,5.05693,180.00,180.00,10.00,10.00,30.68010214,30.68010214,8.18582742,8.18582742,3.51425403,3.51425403,0.00000000,0.00000000
0.3,109.18806,109.18806,34.45394,34.45394,26.49207,26.49207,9.08665,9.08665,6.07562,6.07562,19.47756,19.47756,5.08533,5.08533,180.00,180.00,10.00,10.00,31.01395313,31.01395313,8.28088085,8.28088085,3.27203482,3.27203482,0.00000000,0.00000000
0.4,108.99056,108.99056,34.26711,34.26711,25.99413,25.99413,9.11509,9.11509,6.09999,6.09999,19.30184,19.30184,5.11368,5.11368,180.00,180.00,10.00,10.00,31.34367759,31.34367759,8.37737789,8.37737789,3.03034388,3.03034388,0.00000000,0.00000000
0.5,108.82818,108.82818,34.07791,34.07791,25.49873,25.49873,9.14329,9.14329,6.12392,6.12392,19.12539,19.12539,5.14198,5.14198,180.00,180.00,10.00,10.00,31.66927968,31.66927968,8.47533174,8.47533174,2.78924672,2.78924672,0.00000000,0.00000000
0.6,108.70008,108.70008,33.88638,33.88638,25.00599,25.00599,9.17125,9.17125,6.14740,6.14740,18.94824,18.94824,5.17021,5.17021,180.00,180.00,10.00,10.00,31.99076274,31.99076274,8.57475590,8.57475590,2.54880628,2.54880628,0.00000000,0.00000000
0.7,108.60549,108.60549,33.69255,33.69255,24.51602,24.51602,9.19896,9.19896,6.17040,6.17040,18.77042,18.77042,5.19838,5.19838,180.00,180.00,10.00,10.00,32.30812935,32.30812935,8.67566412,8.67566412,2.30908332,2.30908332,0.00000000,0.00000000
0.8,108.54363,108.54363,33.49644,33.49644,24.02893,24.02893,9.22641,9.22641,6.19291,6.19291,18.59196,18.59196,5.22647,5.22647,180.00,180.00,10.00,10.00,32.62138129,32.62138129,8.77807043,8.77807043,2.07013674,2.07013674,0.00000000,0.00000000
0.9,108.51376,108.51376,33.29808,33.29808,23.54485,23.54485,9.25359,9.25359,6.21491,6.21491,18.41290,18.41290,5.25448,5.25448,180.00,180.00,10.00,10.00,32.93051955,32.93051955,8.88198910,8.88198910,1.83202389,1.83202389,0.00000000,0.00000000
1.0,108.51517,108.51517,33.09751,33.09751,23.06388,23.06388,9.28048,9.28048,6.23640,6.23640,18.23327,18.23327,5.28240,5.28240,180.00,180.00,10.00,10.00,33.23554435,33.23554435,8.98743467,8.98743467,1.59480091,1.59480091,0.00000000,0.00000000
1.1,108.54716,108.54716,32.89474,32.89474,22.58614,22.58614,9.30710,9.30710,6.25734,6.25734,18.05310,18.05310,5.31023,5.31023,180.00,180.00,10.00,10.00,33.53645515,33.53645515,9.09442191,9.09442191,1.35852293,1.35852293,0.00000000,0.00000000
1.2,108.60904,108.60904,32.68980,32.68980,22.11174,22.11174,9.33341,9.33341,6.27772,6.27772,17.87242,17.87242,5.33796,5.33796,180.00,180.00,10.00,10.00,33.83325062,33.83325062,9.20296582,9.20296582,1.12324436,1.12324436,0.00000000,0.00000000
1.3,108.70013,108.70013,32.48272,32.48272,21.64080,21.64080,9.35942,9.35942,6.29753,6.29753,17.69126,17.69126,5.36558,5.36558,180.00,180.00,10.00,10.00,34.12592870,34.12592870,9.31308165,9.31308165,0.88901912,0.88901912,0.00000000,0.00000000
1.4,108.81977,108.81977,32.27353,32.27353,21.17344,21.17344,9.38511,9.38511,6.31675,6.31675,17.50966,17.50966,5.39309,5.39309,180.00,180.00,10.00,10.00,34.41448657,34.41448657,9.42478484,9.42478484,0.65590080,0.65590080,0.00000000,0.00000000
1.5,108.96732,108.96732,32.06224,32.06224,20.70976,20.70976,9.41048,9.41048,6.33536,6.33536,17.32764,17.32764,5.42048,5.42048,180.00,180.00,10.00,10.00,34.69892065,34.69892065,9.53809108,9.53809108,0.42394292,0.42394292,0.00000000,0.00000000
1.6,109.14213,109.14213,31.84889,31.84889,20.24988,20.24988,9.43551,9.43551,6.35334,6.35334,17.14524,17.14524,5.44773,5.44773,180.00,180.00,10.00,10.00,34.97922667,34.97922667,9.65301626,9.65301626,0.19319906,0.19319906,0.00000000,0.00000000
1.7,108.89147,108.89147,31.63349,31.63349,19.79391,19.79391,9.46019,9.46019,6.37068,6.37068,16.96248,16.96248,5.47485,5.47485,180.00,180.00,10.00,10.00,35.25538715,35.25538715,9.76957648,9.76957648,0.00894778,0.00894778,0.00000000,0.00000000
1.8,106.84747,106.84747,31.41482,31.41482,19.34117,19.34117,9.48452,9.48452,6.38736,6.38736,16.77883,16.77883,5.50183,5.50183,180.00,180.00,10.00,10.00,35.52654661,35.52654661,9.88778758,9.88778758,0.00907360,0.00907360,0.00000000,0.00000000
1.9,104.86046,104.86046,31.19217,31.19217,18.89134,18.89134,9.50849,9.50849,6.40336,6.40336,16.59400,16.59400,5.52866,5.52866,180.00,180.00,10.00,10.00,35.79218488,35.79218488,10.00766462,10.00766462,0.00920081,0.00920081,0.00000000,0.00000000
2.0,102.93023,102.93023,30.96557,30.96557,18.44460,18.44460,9.53207,9.53207,6.41867,6.41867,16.40804,16.40804,5.55532,5.55532,180.00,180.00,10.00,10.00,36.05229882,36.05229882,10.12922270,10.12922270,0.00932943,0.00932943,0.00000000,0.00000000
2.1,101.05656,101.05656,30.73507,30.73507,18.00112,18.00112,9.55527,9.55527,6.43325,6.43325,16.22098,16.22098,5.58181,5.58181,180.00,180.00,10.00,10.00,36.30688672,36.30688672,10.25247706,10.25247706,0.00945949,0.00945949,0.00000000,0.00000000
2.2,99.23922,99.23922,30.50072,30.50072,17.56106,17.56106,9.57806,9.57806,6.44710,6.44710,16.03289,16.03289,5.60812,5.60812,180.00,180.00,10.00,10.00,36.55594836,36.55594836,10.37744312,10.37744312,0.00959099,0.00959099,0.00000000,0.00000000
2.3,97.47793,97.47793,30.26256,30.26256,17.12461,17.12461,9.60043,9.60043,6.46019,6.46019,15.84380,15.84380,5.63425,5.63425,180.00,180.00,10.00,10.00,36.79948496,36.79948496,10.50413644,10.50413644,0.00972396,0.00972396,0.00000000,0.00000000
2.4,95.77242,95.77242,30.02066,30.02066,16.69194,16.69194,9.62237,9.62237,6.47251,6.47251,15.65378,15.65378,5.66017,5.66017,180.00,180.00,10.00,10.00,37.03749921,37.03749921,10.63257273,10.63257273,0.00985840,0.00985840,0.00000000,0.00000000
2.5,94.12239,94.12239,29.77508,29.77508,16.26322,16.26322,9.64387,9.64387,6.48404,6.48404,15.46287,15.46287,5.68588,5.68588,180.00,180.00,10.00,10.00,37.26999526,37.26999526,10.76276783,10.76276783,0.00999434,0.00999434,0.00000000,0.00000000
2.6,92.52749,92.52749,29.52587,29.52587,15.83862,15.83862,9.66492,9.66492,6.49475,6.49475,15.27113,15.27113,5.71137,5.71137,180.00,180.00,10.00,10.00,37.49697866,37.49697866,10.89473774,10.89473774,0.01013180,0.01013180,0.00000000,0.00000000
2.7,90.98740,90.98740,29.27312,29.27312,15.41832,15.41832,9.68549,9.68549,6.50463,6.50463,15.07862,15.07862,5.73663,5.73663,180.00,180.00,10.00,10.00,37.71845643,37.71845643,11.02849856,11.02849856,0.01027079,0.01027079,0.00000000,0.00000000
2.8,89.50174,89.50174,29.01690,29.01690,15.00250,15.00250,9.70559,9.70559,6.51367,6.51367,14.88540,14.88540,5.76166,5.76166,180.00,180.00,10.00,10.00,37.93443695,37.93443695,11.16406654,11.16406654,0.01041132,0.01041132,0.00000000,0.00000000
2.9,88.07012,88.07012,28.75728,28.75728,14.59132,14.59132,9.72518,9.72518,6.52184,6.52184,14.69153,14.69153,5.78642,5.78642,180.00,180.00,10.00,10.00,38.14492999,38.14492999,11.30145803,11.30145803,0.01055342,0.01055342,0.00000000,0.00000000
3.0,86.69216,86.69216,28.49436,28.49436,14.18496,14.18496,9.74427,9.74427,6.52913,6.52913,14.49707,14.49707,5.81093,5.81093,180.00,180.00,10.00,10.00,38.34994666,38.34994666,11.44068950,11.44068950,0.01069710,0.01069710,0.00000000,0.00000000
3.1,85.36742,85.36742,28.22821,28.22821,13.78358,13.78358,9.76283,9.76283,6.53552,6.53552,14.30209,14.30209,5.83517,5.83517,180.00,180.00,10.00,10.00,38.54949934,38.54949934,11.58177752,11.58177752,0.01084237,0.01084237,0.00000000,0.00000000
3.2,84.09547,84.09547,27.95893,27.95893,13.38734,13.38734,9.78085,9.78085,6.54100,6.54100,14.10665,14.10665,5.85911,5.85911,180.00,180.00,10.00,10.00,38.74360172,38.74360172,11.72473878,11.72473878,0.01098925,0.01098925,0.00000000,0.00000000
3.3,82.87586,82.87586,27.68662,27.68662,12.99641,12.99641,9.79833,9.79833,6.54555,6.54555,13.91082,13.91082,5.88277,5.88277,180.00,180.00,10.00,10.00,38.93226865,38.93226865,11.86959003,11.86959003,0.01113776,0.01113776,0.00000000,0.00000000
3.4,81.70813,81.70813,27.41137,27.41137,12.61094,12.61094,9.81523,9.81523,6.54915,6.54915,13.71467,13.71467,5.90611,5.90611,180.00,180.00,10.00,10.00,39.11551620,39.11551620,12.01634815,12.01634815,0.01128790,0.01128790,0.00000000,0.00000000
3.5,80.59181,80.59181,27.13331,27.13331,12.23108,12.23108,9.83156,9.83156,6.55180,6.55180,13.51826,13.51826,5.92914,5.92914,180.00,180.00,10.00,10.00,39.29336150,39.29336150,12.16503008,12.16503008,0.01143971,0.01143971,0.00000000,0.00000000
3.6,79.52639,79.52639,26.85253,26.85253,11.85700,11.85700,9.84729,9.84729,6.55348,6.55348,13.32167,13.32167,5.95184,5.95184,180.00,180.00,10.00,10.00,39.46582278,39.46582278,12.31565285,12.31565285,0.01159318,0.01159318,0.00000000,0.00000000
3.7,78.51138,78.51138,26.56914,26.56914,11.48881,11.48881,9.86241,9.86241,6.55418,6.55418,13.12497,13.12497,5.97419,5.97419,180.00,180.00,10.00,10.00,39.63291925,39.63291925,12.46823354,12.46823354,0.01174834,0.01174834,0.00000000,0.00000000
3.8,77.54628,77.54628,26.28327,26.28327,11.12668,11.12668,9.87691,9.87691,6.55389,6.55389,12.92823,12.92823,5.99620,5.99620,180.00,180.00,10.00,10.00,39.79467106,39.79467106,12.62278932,12.62278932,0.01190521,0.01190521,0.00000000,0.00000000
3.9,76.63056,76.63056,25.99504,25.99504,10.77071,10.77071,9.89077,9.89077,6.55259,6.55259,12.73152,12.73152,6.01783,6.01783,180.00,180.00,10.00,10.00,39.95109924,39.95109924,12.77933741,12.77933741,0.01206378,0.01206378,0.00000000,0.00000000
4.0,75.76370,75.76370,25.70457,25.70457,10.42105,10.42105,9.90399,9.90399,6.55029,6.55029,12.53492,12.53492,6.03909,6.03909,180.00,180.00,10.00,10.00,40.10222564,40.10222564,12.93789508,12.93789508,0.01222409,0.01222409,0.00000000,0.00000000
4.1,74.94517,74.94517,25.41199,25.41199,10.07779,10.07779,9.91653,9.91653,6.54696,6.54696,12.33851,12.33851,6.05996,6.05996,180.00,180.00,10.00,10.00,40.24807285,40.24807285,13.09847964,13.09847964,0.01238614,0.01238614,0.00000000,0.00000000
4.2,74.17445,74.17445,25.11743,25.11743,9.74107,9.74107,9.92840,9.92840,6.54262,6.54262,12.14235,12.14235,6.08043,6.08043,180.00,180.00,10.00,10.00,40.38866416,40.38866416,13.26110846,13.26110846,0.01254994,0.01254994,0.00000000,0.00000000
4.3,73.45098,73.45098,24.82103,24.82103,9.41097,9.41097,9.93958,9.93958,6.53724,6.53724,11.94652,11.94652,6.10049,6.10049,180.00,180.00,10.00,10.00,40.52402346,40.52402346,13.42579893,13.42579893,0.01271551,0.01271551,0.00000000,0.00000000
4.4,72.77424,72.77424,24.52291,24.52291,9.08758,9.08758,9.95005,9.95005,6.53083,6.53083,11.75111,11.75111,6.12012,6.12012,180.00,180.00,10.00,10.00,40.65417522,40.65417522,13.59256845,13.59256845,0.01288287,0.01288287,0.00000000,0.00000000
4.5,72.14369,72.14369,24.22323,24.22323,8.77100,8.77100,9.95980,9.95980,6.52339,6.52339,11.55617,11.55617,6.13931,6.13931,180.00,180.00,10.00,10.00,40.77914439,40.77914439,13.76143446,13.76143446,0.01305203,0.01305203,0.00000000,0.00000000
4.6,71.55879,71.55879,23.92212,23.92212,8.46129,8.46129,9.96883,9.96883,6.51491,6.51491,11.36179,11.36179,6.15806,6.15806,180.00,180.00,10.00,10.00,40.89895636,40.89895636,13.93241441,13.93241441,0.01322299,0.01322299,0.00000000,0.00000000
4.7,71.01900,71.01900,23.61973,23.61973,8.15853,8.15853,9.97710,9.97710,6.50540,6.50540,11.16805,11.16805,6.17634,6.17634,180.00,180.00,10.00,10.00,41.01363688,41.01363688,14.10552573,14.10552573,0.01339578,0.01339578,0.00000000,0.00000000
4.8,70.52379,70.52379,23.31619,23.31619,7.86276,7.86276,9.98462,9.98462,6.49486,6.49486,10.97501,10.97501,6.19415,6.19415,180.00,180.00,10.00,10.00,41.12321201,41.12321201,14.28078586,14.28078586,0.01357040,0.01357040,0.00000000,0.00000000
4.9,70.07263,70.07263,23.01167,23.01167,7.57404,7.57404,9.99137,9.99137,6.48328,6.48328,10.78276,10.78276,6.21148,6.21148,180.00,180.00,10.00,10.00,41.22770808,41.22770808,14.45821223,14.45821223,0.01374686,0.01374686,0.00000000,0.00000000
5.0,69.66501,69.66501,22.70630,22.70630,7.29240,7.29240,9.99734,9.99734,6.47069,6.47069,10.59136,10.59136,6.22831,6.22831,180.00,180.00,10.00,10.00,41.32715160,41.32715160,14.63782224,14.63782224,0.01392518,0.01392518,0.00000000,0.00000000
5.1,69.30040,69.30040,22.40024,22.40024,7.01786,7.01786,10.00252,10.00252,6.45708,6.45708,10.40089,10.40089,6.24462,6.24462,180.00,180.00,10.00,10.00,41.42156925,41.42156925,14.81963326,14.81963326,0.01410538,0.01410538,0.00000000,0.00000000
5.2,68.97830,68.97830,22.09364,22.09364,6.75044,6.75044,10.00690,10.00690,6.44246,6.44246,10.21142,10.21142,6.26043,6.26043,180.00,180.00,10.00,10.00,41.51098777,41.51098777,15.00366262,15.00366262,0.01428745,0.01428745,0.00000000,0.00000000
5.3,68.69821,68.69821,21.78664,21.78664,6.49015,6.49015,10.01046,10.01046,6.42684,6.42684,10.02302,10.02302,6.27569,6.27569,180.00,180.00,10.00,10.00,41.59543399,41.59543399,15.18992761,15.18992761,0.01447141,0.01447141,0.00000000,0.00000000
5.4,68.45963,68.45963,21.47941,21.47941,6.23699,6.23699,10.01319,10.01319,6.41024,6.41024,9.83576,9.83576,6.29042,6.29042,180.00,180.00,10.00,10.00,41.67493473,41.67493473,15.37844544,15.37844544,0.01465727,0.01465727,0.00000000,0.00000000
5.5,68.26208,68.26208,21.17208,21.17208,5.99092,5.99092,10.01509,10.01509,6.39267,6.39267,9.64971,9.64971,6.30459,6.30459,180.00,180.00,10.00,10.00,41.74951675,41.74951675,15.56923328,15.56923328,0.01484504,0.01484504,0.00000000,0.00000000
5.6,68.10509,68.10509,20.86482,20.86482,5.75194,5.75194,10.01615,10.01615,6.37414,6.37414,9.46494,9.46494,6.31820,6.31820,180.00,180.00,10.00,10.00,41.81920678,41.81920678,15.76230819,15.76230819,0.01503473,0.01503473,0.00000000,0.00000000
5.7,67.98819,67.98819,20.55777,20.55777,5.52001,5.52001,10.01635,10.01635,6.35466,6.35466,9.28152,9.28152,6.33123,6.33123,180.00,180.00,10.00,10.00,41.88403142,41.88403142,15.95768716,15.95768716,0.01522635,0.01522635,0.00000000,0.00000000
5.8,67.91095,67.91095,20.25108,20.25108,5.29507,5.29507,10.01569,10.01569,6.33426,6.33426,9.09950,9.09950,6.34368,6.34368,180.00,180.00,10.00,10.00,41.94401712,41.94401712,16.15538709,16.15538709,0.01541990,0.01541990,0.00000000,0.00000000
5.9,67.87291,67.87291,19.94490,19.94490,5.07709,5.07709,10.01417,10.01417,6.31296,6.31296,8.91896,8.91896,6.35553,6.35553,180.00,180.00,10.00,10.00,41.99919017,41.99919017,16.35542476,16.35542476,0.01561540,0.01561540,0.00000000,0.00000000
6.0,67.87366,67.87366,19.63938,19.63938,4.86599,4.86599,10.01177,10.01177,6.29077,6.29077,8.73995,8.73995,6.36678,6.36678,180.00,180.00,10.00,10.00,42.04957666,42.04957666,16.55781682,16.55781682,0.01581286,0.01581286,0.00000000,0.00000000
6.1,67.91278,67.91278,19.33466,19.33466,4.66170,4.66170,10.00848,10.00848,6.26771,6.26771,8.56253,8.56253,6.37741,6.37741,180.00,180.00,10.00,10.00,42.09520248,42.09520248,16.76257979,16.76257979,0.01601227,0.01601227,0.00000000,0.00000000
6.2,67.98986,67.98986,19.03089,19.03089,4.46414,4.46414,10.00431,10.00431,6.24382,6.24382,8.38677,8.38677,6.38742,6.38742,180.00,180.00,10.00,10.00,42.13609327,42.13609327,16.96973006,16.96973006,0.01621365,0.01621365,0.00000000,0.00000000
6.3,68.10451,68.10451,18.72821,18.72821,4.27322,4.27322,9.99924,9.99924,6.21910,6.21910,8.21271,8.21271,6.39680,6.39680,180.00,180.00,10.00,10.00,42.17227439,42.17227439,17.17928385,17.17928385,0.01641700,0.01641700,0.00000000,0.00000000
6.4,68.25637,68.25637,18.42676,18.42676,4.08885,4.08885,9.99328,9.99328,6.19360,6.19360,8.04042,8.04042,6.40553,6.40553,180.00,180.00,10.00,10.00,42.20377098,42.20377098,17.39125723,17.39125723,0.01662233,0.01662233,0.00000000,0.00000000
6.5,68.44507,68.44507,18.12667,18.12667,3.91093,3.91093,9.98641,9.98641,6.16732,6.16732,7.86994,7.86994,6.41361,6.41361,180.00,180.00,10.00,10.00,42.23060784,42.23060784,17.60566606,17.60566606,0.01682964,0.01682964,0.00000000,0.00000000
6.6,68.67025,68.67025,17.82809,17.82809,3.73934,3.73934,9.97864,9.97864,6.14030,6.14030,7.70133,7.70133,6.42104,6.42104,180.00,180.00,10.00,10.00,42.25280954,42.25280954,17.82252603,17.82252603,0.01703894,0.01703894,0.00000000,0.00000000
6.7,68.93157,68.93157,17.53114,17.53114,3.57397,3.57397,9.96996,9.96996,6.11257,6.11257,7.53463,7.53463,6.42780,6.42780,180.00,180.00,10.00,10.00,42.27040031,42.27040031,18.04185261,18.04185261,0.01725023,0.01725023,0.00000000,0.00000000
6.8,69.22872,69.22872,17.23595,17.23595,3.41469,3.41469,9.96037,9.96037,6.08414,6.08414,7.36989,7.36989,6.43389,6.43389,180.00,180.00,10.00,10.00,42.28340410,42.28340410,18.26366105,18.26366105,0.01746351,0.01746351,0.00000000,0.00000000
6.9,69.56137,69.56137,16.94264,16.94264,3.26139,3.26139,9.94986,9.94986,6.05506,6.05506,7.20716,7.20716,6.43931,6.43931,180.00,180.00,10.00,10.00,42.29184454,42.29184454,18.48796638,18.48796638,0.01767879,0.01767879,0.00000000,0.00000000
7.0,69.92923,69.92923,16.65135,16.65135,3.11393,3.11393,9.93845,9.93845,6.02535,6.02535,7.04647,7.04647,6.44404,6.44404,180.00,180.00,10.00,10.00,42.29574497,42.29574497,18.71478335,18.71478335,0.01789607,0.01789607,0.00000000,0.00000000
7.1,70.33199,70.33199,16.36218,16.36218,2.97217,2.97217,9.92612,9.92612,5.99503,5.99503,6.88787,6.88787,6.44808,6.44808,180.00,180.00,10.00,10.00,42.29512845,42.29512845,18.94412647,18.94412647,0.01811535,0.01811535,0.00000000,0.00000000
7.2,70.76939,70.76939,16.07525,16.07525,2.83597,2.83597,9.91288,9.91288,5.96414,5.96414,6.73138,6.73138,6.45143,6.45143,180.00,180.00,10.00,10.00,42.29001771,42.29001771,19.17600997,19.17600997,0.01833663,0.01833663,0.00000000,0.00000000
7.3,71.24116,71.24116,15.79067,15.79067,2.70521,2.70521,9.89873,9.89873,5.93270,5.93270,6.57706,6.57706,6.45408,6.45408,180.00,180.00,10.00,10.00,42.28043522,42.28043522,19.41044778,19.41044778,0.01855990,0.01855990,0.00000000,0.00000000
7.4,71.74703,71.74703,15.50855,15.50855,2.57972,2.57972,9.88367,9.88367,5.90075,5.90075,6.42492,6.42492,6.45603,6.45603,180.00,180.00,10.00,10.00,42.26640315,42.26640315,19.64745350,19.64745350,0.01878517,0.01878517,0.00000000,0.00000000
7.5,72.28677,72.28677,15.22898,15.22898,2.45937,2.45937,9.86770,9.86770,5.86831,5.86831,6.27500,6.27500,6.45727,6.45727,180.00,180.00,10.00,10.00,42.24794343,42.24794343,19.88704045,19.88704045,0.01901244,0.01901244,0.00000000,0.00000000
7.6,72.86013,72.86013,14.95207,14.95207,2.34401,2.34401,9.85084,9.85084,5.83541,5.83541,6.12733,6.12733,6.45780,6.45780,180.00,180.00,10.00,10.00,42.22507772,42.22507772,20.12922155,20.12922155,0.01924170,0.01924170,0.00000000,0.00000000
7.7,73.46688,73.46688,14.67791,14.67791,2.23349,2.23349,9.83307,9.83307,5.80209,5.80209,5.98193,5.98193,6.45763,6.45763,180.00,180.00,10.00,10.00,42.19782742,42.19782742,20.37400941,20.37400941,0.01947295,0.01947295,0.00000000,0.00000000
7.8,74.10681,74.10681,14.40658,14.40658,2.12766,2.12766,9.81441,9.81441,5.76836,5.76836,5.83882,5.83882,6.45675,6.45675,180.00,180.00,10.00,10.00,42.16621374,42.16621374,20.62141623,20.62141623,0.01970619,0.01970619,0.00000000,0.00000000
7.9,74.77971,74.77971,14.13817,14.13817,2.02638,2.02638,9.79487,9.79487,5.73426,5.73426,5.69803,5.69803,6.45515,6.45515,180.00,180.00,10.00,10.00,42.13025764,42.13025764,20.87145384,20.87145384,0.01994140,0.01994140,0.00000000,0.00000000
8.0,75.48537,75.48537,13.87277,13.87277,1.92949,1.92949,9.77444,9.77444,5.69981,5.69981,5.55957,5.55957,6.45284,6.45284,180.00,180.00,10.00,10.00,42.08997991,43.77991060,21.12413362,4.22482672,0.02017858,0.02017858,0.00000000,0.00000000
8.1,76.22360,75.09174,13.61043,13.61017,1.83686,1.83682,9.75314,9.75314,5.66504,5.66504,5.42346,5.42336,6.44982,6.44982,180.00,180.00,10.00,10.00,42.04540116,43.88477447,21.37946655,4.28089872,0.02041773,0.00412621,0.00000000,0.00000000
8.2,76.99421,74.56109,13.35124,13.34993,1.74833,1.74815,9.73097,9.73096,5.62998,5.62998,5.28971,5.28925,6.44610,6.44609,180.00,180.00,10.00,10.00,41.99654182,43.98649743,21.63746316,4.33773727,0.02065883,0.00418307,0.00000000,0.00000000
8.3,77.79703,74.05419,13.09527,13.09215,1.66376,1.66335,9.70794,9.70793,5.59465,5.59465,5.15833,5.15726,6.44166,6.44165,180.00,180.00,10.00,10.00,41.94342221,44.08510714,21.89813349,4.39535167,0.02090188,0.00424066,0.00000000,0.00000000
8.4,78.63187,73.57065,12.84256,12.83692,1.58300,1.58228,9.68406,9.68404,5.55908,5.55907,5.02934,5.02740,6.43651,6.43650,180.00,180.00,10.00,10.00,41.88606249,44.18063944,22.16148711,4.45375130,0.02114686,0.00429899,0.00000000,0.00000000
8.5,79.49858,73.11008,12.59317,12.58433,1.50593,1.50483,9.65934,9.65930,5.52329,5.52328,4.90273,4.89971,6.43066,6.43064,180.00,180.00,10.00,10.00,41.82448276,44.27313004,22.42753307,4.51294566,0.02139377,0.00435807,0.00000000,0.00000000
8.6,80.39699,72.67210,12.34716,12.33448,1.43239,1.43086,9.63378,9.63371,5.48731,5.48729,4.77851,4.77421,6.42412,6.42407,180.00,180.00,10.00,10.00,41.75870301,44.36261446,22.69627988,4.57294435,0.02164259,0.00441790,0.00000000,0.00000000
8.7,81.32694,72.25633,12.10458,12.08745,1.36225,1.36025,9.60741,9.60729,5.45116,5.45113,4.65668,4.65092,6.41687,6.41680,180.00,180.00,10.00,10.00,41.68874318,44.44912806,22.96773553,4.63375707,0.02189330,0.00447851,0.00000000,0.00000000
8.8,82.28828,71.86241,11.86546,11.84333,1.29539,1.29287,9.58023,9.58005,5.41486,5.41482,4.53725,4.52985,6.40894,6.40883,180.00,180.00,10.00,10.00,41.61462316,44.53270593,23.24190740,4.69539362,0.02214590,0.00453989,0.00000000,0.00000000
8.9,83.28087,71.48996,11.62984,11.60218,1.23166,1.22861,9.55224,9.55199,5.37843,5.37838,4.42020,4.41101,6.40032,6.40016,180.00,180.00,10.00,10.00,41.53636282,44.61338296,23.51880231,4.75786390,0.02240036,0.00460205,0.00000000,0.00000000
9.0,84.30455,71.13864,11.39776,11.36409,1.17095,1.16734,9.52347,9.52312,5.34190,5.34183,4.30554,4.29442,6.39102,6.39080,180.00,180.00,10.00,10.00,41.45398204,44.69119376,23.79842645,4.82117791,0.02265666,0.00466501,0.00000000,0.00000000
9.1,85.35919,70.80810,11.16924,11.12911,1.11312,1.10894,9.49393,9.49346,5.30528,5.30518,4.19326,4.18009,6.38105,6.38075,180.00,180.00,10.00,10.00,41.36750068,44.76617268,24.08078537,4.88534576,0.02291480,0.00472878,0.00000000,0.00000000
9.2,86.44465,70.49800,10.94430,10.89730,1.05807,1.05331,9.46362,9.46301,5.26860,5.26847,4.08334,4.06802,6.37041,6.37003,180.00,180.00,10.00,10.00,41.27693867,44.83835376,24.36588395,4.95037767,0.02317473,0.00479335,0.00000000,0.00000000
9.3,87.56079,70.20800,10.72298,10.66874,1.00566,1.00033,9.43256,9.43179,5.23186,5.23171,3.97578,3.95822,6.35911,6.35863,180.00,180.00,10.00,10.00,41.18231598,44.90777072,24.65372640,5.01628395,0.02343646,0.00485875,0.00000000,0.00000000
9.4,88.70749,69.93778,10.50527,10.44346,0.95579,0.94989,9.40077,9.39981,5.19510,5.19492,3.87057,3.85069,6.34716,6.34656,180.00,180.00,10.00,10.00,41.08365265,44.97445697,24.94431622,5.08307502,0.02369994,0.00492499,0.00000000,0.00000000
9.5,89.88462,69.68702,10.29120,10.22151,0.90835,0.90189,9.36826,9.36708,5.15832,5.15810,3.76768,3.74542,6.33457,6.33384,180.00,180.00,10.00,10.00,40.98096881,45.03844555,25.23765618,5.15076139,0.02396516,0.00499206,0.00000000,0.00000000
9.6,91.09204,69.45541,10.08078,10.00294,0.86323,0.85622,9.33504,9.33362,5.12154,5.12129,3.66711,3.64242,6.32135,6.32047,180.00,180.00,10.00,10.00,40.87428469,45.09976917,25.53374827,5.21935371,0.02423209,0.00505998,0.00000000,0.00000000
9.7,92.32963,69.24264,9.87399,9.78779,0.82033,0.81278,9.30113,9.29943,5.08478,5.08449,3.56883,3.54167,6.30751,6.30646,180.00,180.00,10.00,10.00,40.76362064,45.15846014,25.83259372,5.28886269,0.02450070,0.00512877,0.00000000,0.00000000
9.8,93.59727,69.04842,9.67086,9.57608,0.77954,0.77148,9.26654,9.26453,5.04805,5.04771,3.47282,3.44317,6.29305,6.29181,180.00,180.00,10.00,10.00,40.64899715,45.21455039,26.13419294,5.35929918,0.02477096,0.00519843,0.00000000,0.00000000
9.9,94.89483,68.87246,9.47137,9.36785,0.74077,0.73222,9.23129,9.22895,5.01136,5.01099,3.37906,3.34691,6.27800,6.27655,180.00,180.00,10.00,10.00,40.53043486,45.26807144,26.43854552,5.43067411,0.02504285,0.00526896,0.00000000,0.00000000
10.0,96.22219,68.71448,9.27551,9.16311,0.70393,0.69492,9.19539,9.19268,4.97474,4.97431,3.28753,3.25288,6.26235,6.26068,180.00,180.00,10.00,10.00,40.40795459,45.31905440,26.74565017,5.50299854,0.02531632,0.00534039,0.00000000,0.00000000
10.1,97.57922,68.57421,9.08328,8.96190,0.66893,0.65948,9.15887,9.15575,4.93818,4.93771,3.19821,3.16105,6.24612,6.24420,180.00,180.00,10.00,10.00,40.28157730,45.36752996,27.05550472,5.57628360,0.02559134,0.00541272,0.00000000,0.00000000
10.2,98.96580,68.45137,8.89466,8.76421,0.63568,0.62581,9.12173,9.11816,4.90171,4.90118,3.11107,3.07142,6.22933,6.22715,180.00,180.00,10.00,10.00,40.15132419,45.41352836,27.36810608,5.65054057,0.02586788,0.00548596,0.00000000,0.00000000
10.3,100.38182,68.34572,8.70964,8.57008,0.60410,0.59385,9.08399,9.07995,4.86533,4.86475,3.02607,2.98397,6.21197,6.20951,180.00,180.00,10.00,10.00,40.01721665,45.45707937,27.68345023,5.72578079,0.02614590,0.00556013,0.00000000,0.00000000
10.4,101.82714,68.25699,8.52820,8.37949,0.57411,0.56350,9.04567,9.04112,4.82905,4.82842,2.94320,2.89867,6.19408,6.19132,180.00,180.00,10.00,10.00,39.87927628,45.49821234,28.00153216,5.80201574,0.02642535,0.00563522,0.00000000,0.00000000
10.5,103.30164,68.18495,8.35031,8.19245,0.54564,0.53469,9.00679,9.00169,4.79289,4.79220,2.86242,2.81551,6.17565,6.17257,180.00,180.00,10.00,10.00,39.73752493,45.53695610,28.32234587,5.87925698,0.02670620,0.00571125,0.00000000,0.00000000
10.6,104.80521,68.12937,8.17595,8.00897,0.51860,0.50736,8.96736,8.96168,4.75685,4.75611,2.78371,2.73445,6.15671,6.15329,180.00,180.00,10.00,10.00,39.59198469,45.57333903,28.64588433,5.95751619,0.02698840,0.00578824,0.00000000,0.00000000
10.7,106.33770,68.09000,8.00509,7.82903,0.49294,0.48142,8.92740,8.92110,4.72094,4.72014,2.70702,2.65548,6.13727,6.13348,180.00,180.00,10.00,10.00,39.44267789,45.60738898,28.97213943,6.03680515,0.02727191,0.00586619,0.00000000,0.00000000
10.8,107.89901,68.06664,7.83771,7.65262,0.46858,0.45681,8.88693,8.87997,4.68517,4.68431,2.63233,2.57856,6.11733,6.11316,180.00,180.00,10.00,10.00,39.28962717,45.63913331,29.30110201,6.11713574,0.02755667,0.00594511,0.00000000,0.00000000
10.9,109.48900,68.05906,7.67377,7.47974,0.44545,0.43347,8.84596,8.83831,4.64955,4.64863,2.55961,2.50367,6.09691,6.09235,180.00,180.00,10.00,10.00,39.13285542,45.66859887,29.63276175,6.19851996,0.02784264,0.00602502,0.00000000,0.00000000
11.0,111.10754,68.06706,7.51324,7.31037,0.42351,0.41134,8.80451,8.79613,4.61408,4.61311,2.48882,2.43078,6.07603,6.07106,180.00,180.00,10.00,10.00,38.97238585,45.69581199,29.96710719,6.28096989,0.02812976,0.00610592,0.00000000,0.00000000
11.1,112.75450,68.09045,7.35608,7.14448,0.40269,0.39036,8.76260,8.75346,4.57878,4.57774,2.41993,2.35986,6.05470,6.04930,180.00,180.00,10.00,10.00,38.80824197,45.72079843,30.30412570,6.36449774,0.02841799,0.00618782,0.00000000,0.00000000
11.2,114.42975,68.12902,7.20226,6.98206,0.38293,0.37046,8.72024,8.71030,4.54363,4.54254,2.35290,2.29088,6.03293,6.02708,180.00,180.00,10.00,10.00,38.64044760,45.74358344,30.64380341,6.44911581,0.02870725,0.00627074,0.00000000,0.00000000
11.3,116.13315,68.18260,7.05174,6.82309,0.36418,0.35159,8.67746,8.66669,4.50866,4.50751,2.28770,2.22380,6.01074,6.00443,180.00,180.00,10.00,10.00,38.46902692,45.76419171,30.98612521,6.53483649,0.02899749,0.00635469,0.00000000,0.00000000
11.4,117.86457,68.25100,6.90447,6.66752,0.34639,0.33372,8.63426,8.62263,4.47387,4.47266,2.22429,2.15858,5.98815,5.98135,180.00,180.00,10.00,10.00,38.29400444,45.78264737,31.33107472,6.62167230,0.02928866,0.00643967,0.00000000,0.00000000
11.5,119.62387,68.33405,6.76042,6.51534,0.32951,0.31677,8.59067,8.57814,4.43926,4.43799,2.16263,2.09521,5.96515,5.95787,180.00,180.00,10.00,10.00,38.11540505,45.79897398,31.67863424,6.70963584,0.02958068,0.00652570,0.00000000,0.00000000
11.6,121.41090,68.43159,6.61953,6.36651,0.31349,0.30071,8.54671,8.53325,4.40483,4.40351,2.10269,2.03363,5.94178,5.93399,180.00,180.00,10.00,10.00,37.93325401,45.81319454,32.02878469,6.79873982,0.02987348,0.00661279,0.00000000,0.00000000
11.7,123.22552,68.54347,6.48178,6.22099,0.29830,0.28549,8.50238,8.48796,4.37060,4.36921,2.04444,1.97382,5.91804,5.90973,180.00,180.00,10.00,10.00,37.74757698,45.82533146,32.38150566,6.88899706,0.03016701,0.00670095,0.00000000,0.00000000
11.8,125.06757,68.66952,6.34710,6.07875,0.28388,0.27107,8.45771,8.44231,4.33656,4.33512,1.98783,1.91574,5.89395,5.88510,180.00,180.00,10.00,10.00,37.55840003,45.83540657,32.73677527,6.98042047,0.03046118,0.00679019,0.00000000,0.00000000
11.9,126.93692,68.80961,6.21546,5.93975,0.27020,0.25740,8.41272,8.39629,4.30272,4.30122,1.93283,1.85936,5.86952,5.86013,180.00,180.00,10.00,10.00,37.36574966,45.84344112,33.09457023,7.07302305,0.03075593,0.00688052,0.00000000,0.00000000
12.0,128.83340,68.96359,6.08680,5.80394,0.25722,0.24446,8.36742,8.34994,4.26908,4.26753,1.87941,1.80463,5.84477,5.83482,180.00,180.00,10.00,10.00,37.16965281,45.84945574,33.45486571,7.16681792,0.03105117,0.00697196,0.00000000,0.00000000
12.1,130.75686,69.13134,5.96109,5.67129,0.24491,0.23219,8.32182,8.30327,4.23564,4.23403,1.82752,1.75152,5.81970,5.80919,180.00,180.00,10.00,10.00,36.97013689,45.85347049,33.81763540,7.26181829,0.03134682,0.00706451,0.00000000,0.00000000
12.2,132.66603,69.31273,5.83826,5.54175,0.23322,0.22057,8.27594,8.25630,4.20241,4.20075,1.77713,1.69999,5.79434,5.78325,180.00,180.00,10.00,10.00,36.76722738,45.85550483,34.18285140,7.35803746,0.03575441,0.00715818,0.00000000,0.00000000
12.3,134.51604,69.50763,5.71827,5.41527,0.22213,0.20956,8.22981,8.20904,4.16938,4.16768,1.72820,1.65000,5.76869,5.75702,180.00,180.00,10.00,10.00,36.56093796,45.85557759,34.55048419,7.45548883,0.04876147,0.00725299,0.00000000,0.00000000
12.4,136.30623,69.71594,5.60105,5.29181,0.21161,0.19913,8.18343,8.16151,4.13657,4.13481,1.68069,1.60153,5.74277,5.73052,180.00,180.00,10.00,10.00,36.35127915,45.85370703,34.92050252,7.55418590,0.07043567,0.00734895,0.00000000,0.00000000
12.5,138.03621,69.93755,5.48655,5.17132,0.20162,0.18924,8.13681,8.11374,4.10397,4.10216,1.63458,1.55452,5.71660,5.70375,180.00,180.00,10.00,10.00,36.13826230,45.84991079,35.29287341,7.65414226,0.10081667,0.00744607,0.00000000,0.00000000
12.6,139.70586,70.17236,5.37470,5.05375,0.19214,0.17988,8.08999,8.06573,4.07158,4.06973,1.58981,1.50896,5.69018,5.67672,180.00,180.00,10.00,10.00,35.92189967,45.84420589,35.66756207,7.75537160,0.13991762,0.00754435,0.00000000,0.00000000
12.7,141.31530,70.42027,5.26547,4.93905,0.18314,0.17101,8.04296,8.01750,4.03941,4.03751,1.54635,1.46479,5.66353,5.64947,180.00,180.00,10.00,10.00,35.70220447,45.83660877,36.04453188,7.85788768,0.18772678,0.00764382,0.00000000,0.00000000
12.8,142.86484,70.68118,5.15878,4.82718,0.17460,0.16260,7.99575,7.96907,4.00745,4.00551,1.50418,1.42198,5.63665,5.62198,180.00,180.00,10.00,10.00,35.47919087,45.82713524,36.42374432,7.96170437,0.24420930,0.00774448,0.00000000,0.00000000
12.9,144.35504,70.95503,5.05459,4.71807,0.16649,0.15464,7.94837,7.92045,3.97571,3.97373,1.46324,1.38049,5.60957,5.59429,180.00,180.00,10.00,10.00,35.25287412,45.81580053,36.80515896,8.06683563,0.30930903,0.00784635,0.00000000,0.00000000
13.0,145.78659,71.24171,4.95284,4.61168,0.15879,0.14709,7.90084,7.87166,3.94419,3.94216,1.42352,1.34030,5.58230,5.56640,180.00,180.00,10.00,10.00,35.02327054,45.80261923,37.18873337,8.17329550,0.38295030,0.00794943,0.00000000,0.00000000
13.1,147.16040,71.54118,4.85348,4.50796,0.15147,0.13994,7.85316,7.82272,3.91289,3.91082,1.38497,1.30136,5.55484,5.53833,180.00,180.00,10.00,10.00,34.79039762,45.78760537,37.57442312,8.28109810,0.46503981,0.00805374,0.00000000,0.00000000
13.2,148.47748,71.85334,4.75647,4.40685,0.14452,0.13317,7.80535,7.77365,3.88180,3.87970,1.34756,1.26364,5.52720,5.51008,180.00,180.00,10.00,10.00,34.55427399,45.77077236,37.96218171,8.39025764,0.55546844,0.00815928,0.00000000,0.00000000
13.3,149.73900,72.17815,4.66174,4.30830,0.13792,0.12674,7.75743,7.72445,3.85094,3.84880,1.31127,1.22711,5.49941,5.48168,180.00,180.00,10.00,10.00,34.31491955,45.75213302,38.35196051,8.50078842,0.65411301,0.00826608,0.00000000,0.00000000
13.4,150.94622,72.51553,4.56925,4.21226,0.13165,0.12066,7.70941,7.67514,3.82030,3.81812,1.27606,1.19173,5.47147,5.45312,180.00,180.00,10.00,10.00,34.07235545,45.73169958,38.74370876,8.61270480,0.76083802,0.00837413,0.00000000,0.00000000
13.5,152.10052,72.86545,4.47895,4.11868,0.12569,0.11489,7.66130,7.62573,3.78987,3.78766,1.24189,1.15747,5.44339,5.42443,180.00,180.00,10.00,10.00,33.82660417,45.70948368,39.13737346,8.72602125,0.87549725,0.00848346,0.00000000,0.00000000
13.6,153.20332,73.22784,4.39079,4.02751,0.12003,0.10942,7.61311,7.57625,3.75967,3.75743,1.20875,1.12429,5.41518,5.39561,180.00,180.00,10.00,10.00,33.57768954,45.68549639,39.53289938,8.84075227,0.99793538,0.00859407,0.00000000,0.00000000
13.7,154.25614,73.60267,4.30473,3.93869,0.11465,0.10423,7.56486,7.52670,3.72968,3.72741,1.17659,1.09217,5.38685,5.36668,180.00,180.00,10.00,10.00,33.32563677,45.65974820,39.93022897,8.95691249,1.12798941,0.00870598,0.00000000,0.00000000
13.8,155.26053,73.98989,4.22072,3.85217,0.10954,0.09931,7.51656,7.47709,3.69991,3.69762,1.14540,1.06107,5.35841,5.33765,180.00,180.00,10.00,10.00,33.07047254,45.63224901,40.32930234,9.07451656,1.26549004,0.00881919,0.00000000,0.00000000
13.9,156.21808,74.38948,4.13871,3.76790,0.10468,0.09465,7.46822,7.42745,3.67037,3.66804,1.11514,1.03096,5.32988,5.30852,180.00,180.00,10.00,10.00,32.81222499,45.60300820,40.73005720,9.19357923,1.41026290,0.00893372,0.00000000,0.00000000
14.0,157.13040,74.80139,4.05865,3.68583,0.10005,0.09023,7.41984,7.37778,3.64104,3.63869,1.08579,1.00182,5.30125,5.27931,180.00,180.00,10.00,10.00,32.55092378,45.57203455,41.13242879,9.31411530,1.56212973,0.00904958,0.00000000,0.00000000
14.1,157.99913,75.22561,3.98051,3.60590,0.09566,0.08604,7.37146,7.32810,3.61193,3.60955,1.05731,0.97360,5.27255,5.25003,180.00,180.00,10.00,10.00,32.28660012,45.53933631,41.53634989,9.43613965,1.72090943,0.00916677,0.00000000,0.00000000
14.2,158.82590,75.66211,3.90424,3.52808,0.09148,0.08206,7.32306,7.27841,3.58304,3.58064,1.02969,0.94629,5.24378,5.22068,180.00,180.00,10.00,10.00,32.01928682,45.50492119,41.94175071,9.55966722,1.88641896,0.00928532,0.00000000,0.00000000
14.3,159.61235,76.11087,3.82979,3.45230,0.08750,0.07828,7.27467,7.22874,3.55436,3.55194,1.00290,0.91986,5.21494,5.19128,180.00,180.00,10.00,10.00,31.74901831,45.46879636,42.34855888,9.68471299,2.05847420,0.00940523,0.00000000,0.00000000
14.4,160.36007,76.57188,3.75713,3.37852,0.08371,0.07470,7.22630,7.17908,3.52591,3.52346,0.97691,0.89427,5.18605,5.16183,180.00,180.00,10.00,10.00,31.47583069,45.43096847,42.75669937,9.81129202,2.23689071,0.00952651,0.00000000,0.00000000
14.5,161.07069,77.04513,3.68621,3.30669,0.08011,0.07130,7.17795,7.12946,3.49766,3.49520,0.95170,0.86950,5.15712,5.13235,180.00,180.00,10.00,10.00,31.19976178,45.39144363,43.16609447,9.93941939,2.42148433,0.00964917,0.00000000,0.00000000
14.6,161.74576,77.53062,3.61700,3.23677,0.07669,0.06808,7.12963,7.07989,3.46964,3.46716,0.92725,0.84553,5.12815,5.10284,180.00,180.00,10.00,10.00,30.92085112,45.35022747,43.57666373,10.06911027,2.61207176,0.00977323,0.00000000,0.00000000
14.7,162.38684,78.02834,3.54945,3.16870,0.07342,0.06501,7.08136,7.03037,3.44182,3.43933,0.90352,0.82233,5.09915,5.07330,180.00,180.00,10.00,10.00,30.63914006,45.30732509,43.98832391,10.20037984,2.80847104,0.00989869,0.00000000,0.00000000
14.8,162.99544,78.53829,3.48352,3.10244,0.07032,0.06210,7.03314,6.98091,3.41422,3.41171,0.88051,0.79987,5.07012,5.04376,180.00,180.00,10.00,10.00,30.35467175,45.26274113,44.40098894,10.33324335,3.01050191,0.01002557,0.00000000,0.00000000
14.9,163.57303,79.06047,3.41917,3.03795,0.06736,0.05934,6.98499,6.93153,3.38684,3.38431,0.85819,0.77813,5.04108,5.01421,180.00,180.00,10.00,10.00,30.06749121,45.21647972,44.81456986,10.46771607,3.21798619,0.01015388,0.00000000,0.00000000
15.0,164.12104,79.59490,3.35638,2.97517,0.06454,0.05672,6.93690,6.88223,3.35966,3.35712,0.83653,0.75709,5.01204,4.98466,180.00,180.00,10.00,10.00,29.77764536,45.16854452,45.22897478,10.60381331,3.43074797,0.01028362,0.00000000,0.00000000
15.1,164.64086,80.14159,3.29509,2.91407,0.06186,0.05423,6.88890,6.83303,3.33269,3.33015,0.81552,0.73672,4.98299,4.95513,180.00,180.00,10.00,10.00,29.48518303,45.11893874,45.64410884,10.74155041,3.64861387,0.01041481,0.00000000,0.00000000
15.2,165.13384,80.70055,3.23528,2.85460,0.05930,0.05186,6.84098,6.78393,3.30594,3.30338,0.79514,0.71701,4.95395,4.92561,180.00,180.00,10.00,10.00,29.19015507,45.06766513,46.05987416,10.88094274,3.87141313,0.01054745,0.00000000,0.00000000
15.3,165.60129,81.27180,3.17691,2.79672,0.05687,0.04961,6.79316,6.73494,3.27939,3.27682,0.77537,0.69792,4.92492,4.89611,180.00,180.00,10.00,10.00,28.89261431,45.01472597,46.47616977,11.02200570,4.09897777,0.01068157,0.00000000,0.00000000
15.4,166.04445,81.85535,3.11995,2.74039,0.05455,0.04747,6.74544,6.68608,3.25305,3.25047,0.75618,0.67945,4.89591,4.86664,180.00,180.00,10.00,10.00,28.59261565,44.96012315,46.89289163,11.16475469,4.33114257,0.01081716,0.00000000,0.00000000
15.5,166.46453,82.45124,3.06435,2.68556,0.05233,0.04543,6.69783,6.63734,3.22691,3.22433,0.73757,0.66156,4.86693,4.83721,180.00,180.00,10.00,10.00,28.29021609,44.90385810,47.30993251,11.30920514,4.56774512,0.01095423,0.00000000,0.00000000
15.6,166.86269,83.05950,3.01010,2.63220,0.05022,0.04350,6.65034,6.58873,3.20098,3.19839,0.71951,0.64425,4.83797,4.80781,180.00,180.00,10.00,10.00,27.98547474,44.84593185,47.72718203,11.45537248,4.80862582,0.01109281,0.00000000,0.00000000
15.7,167.24005,83.68014,2.95715,2.58027,0.04821,0.04166,6.60298,6.54027,3.17525,3.17266,0.70198,0.62748,4.80905,4.77847,180.00,180.00,10.00,10.00,27.67845292,44.78634501,48.14452654,11.60327214,5.05362781,0.01123289,0.00000000,0.00000000
15.8,167.59767,84.31321,2.90547,2.52972,0.04629,0.03991,6.55575,6.49196,3.14972,3.14713,0.68498,0.61125,4.78017,4.74917,180.00,180.00,10.00,10.00,27.36921414,44.72509781,48.56184914,11.75291957,5.30259687,0.01137449,0.00000000,0.00000000
15.9,167.93657,84.95873,2.85503,2.48053,0.04446,0.03825,6.50865,6.44381,3.12440,3.12180,0.66847,0.59553,4.75133,4.71994,180.00,180.00,10.00,10.00,27.05782417,44.66219010,48.97902963,11.90433020,5.55538138,0.01151761,0.00000000,0.00000000
16.0,168.25773,85.61676,2.80580,2.43266,0.04271,0.03666,6.46170,6.39582,3.09927,3.09667,0.65245,0.58031,4.72255,4.69076,180.00,180.00,10.00,10.00,26.74435106,44.59762134,49.39594445,12.05751943,5.81183216,0.01166226,0.00000000,0.00000000
16.1,168.56208,86.28732,2.75776,2.38606,0.04105,0.03515,6.41490,6.34800,3.07435,3.07174,0.63691,0.56558,4.69382,4.66165,180.00,180.00,10.00,10.00,26.42886522,44.53139062,49.81246672,12.21250268,6.07180239,0.01180846,0.00000000,0.00000000
16.2,168.85051,86.97046,2.71087,2.34071,0.03945,0.03372,6.36825,6.30036,3.04962,3.04701,0.62182,0.55130,4.66514,4.63262,180.00,180.00,10.00,10.00,26.11143940,44.46349670,50.22846611,12.36929532,6.33514741,0.01195621,0.00000000,0.00000000
16.3,169.12386,87.66622,2.66510,2.29657,0.03793,0.03235,6.32176,6.25291,3.02509,3.02248,0.60718,0.53748,4.63654,4.60365,180.00,180.00,10.00,10.00,25.79214876,44.39393798,50.64380891,12.52791271,6.60172461,0.01210553,0.00000000,0.00000000
16.4,169.38295,88.37466,2.62043,2.25360,0.03648,0.03105,6.27545,6.20564,3.00075,2.99814,0.59296,0.52408,4.60800,4.57477,180.00,180.00,10.00,10.00,25.47107091,44.32271252,51.05835796,12.68837015,6.87139328,0.01225640,0.00000000,0.00000000
16.5,169.62852,89.09582,2.57682,2.21178,0.03510,0.02980,6.22930,6.15856,2.97660,2.97400,0.57916,0.51111,4.57953,4.54597,180.00,180.00,10.00,10.00,25.14828593,44.24981808,51.47197264,12.85068293,7.14401441,0.01240886,0.00000000,0.00000000
16.6,169.86132,89.82975,2.53426,2.17108,0.03377,0.02862,6.18333,6.11168,2.95265,2.95005,0.56575,0.49854,4.55114,4.51726,180.00,180.00,10.00,10.00,24.82387640,44.17525207,51.88450885,13.01486627,7.41945056,0.01256290,0.00000000,0.00000000
16.7,170.08204,90.57652,2.49271,2.13145,0.03250,0.02749,6.13754,6.06501,2.92889,2.92629,0.55274,0.48637,4.52282,4.48864,180.00,180.00,10.00,10.00,24.49792746,44.09901164,52.29581903,13.18093535,7.69756568,0.01271853,0.00000000,0.00000000
16.8,170.29133,91.33616,2.45216,2.09288,0.03129,0.02642,6.09194,6.01854,2.90532,2.90272,0.54011,0.47457,4.49459,4.46011,180.00,180.00,10.00,10.00,24.17052677,44.02109361,52.70575213,13.34890527,7.97822495,0.01287575,0.00000000,0.00000000
16.9,170.48981,92.10875,2.41256,2.05534,0.03014,0.02539,6.04652,5.97229,2.88193,2.87934,0.52784,0.46314,4.46645,4.43168,180.00,180.00,10.00,10.00,23.84176464,43.94149454,53.11415362,13.51879108,8.26129459,0.01303459,0.00000000,0.00000000
17.0,170.67808,92.89434,2.37391,2.01878,0.02903,0.02442,6.00130,5.92625,2.85873,2.85615,0.51593,0.45206,4.43839,4.40335,180.00,180.00,10.00,10.00,23.51173395,43.86021071,53.52086549,13.69060775,8.54664175,0.01319503,0.00000000,0.00000000
17.1,170.85669,93.69299,2.33618,1.98320,0.02797,0.02348,5.95628,5.88043,2.83572,2.83314,0.50435,0.44132,4.41043,4.37512,180.00,180.00,10.00,10.00,23.18053025,43.77723813,53.92572628,13.86437016,8.83413428,0.01335709,0.00000000,0.00000000
17.2,171.02617,94.50477,2.29935,1.94855,0.02696,0.02259,5.91146,5.83484,2.81289,2.81032,0.49311,0.43091,4.38256,4.34700,180.00,180.00,10.00,10.00,22.84825171,43.69257256,54.32857109,14.04009310,9.12364064,0.01352078,0.00000000,0.00000000
17.3,171.18703,95.32974,2.26338,1.91482,0.02599,0.02174,5.86685,5.78947,2.79025,2.78768,0.48219,0.42082,4.35479,4.31898,180.00,180.00,10.00,10.00,22.51499919,43.60620953,54.72923162,14.21779126,9.41502972,0.01368609,0.00000000,0.00000000
17.4,171.33973,96.16796,2.22827,1.88198,0.02507,0.02093,5.82244,5.74434,2.76779,2.76522,0.47158,0.41103,4.32712,4.29108,180.00,180.00,10.00,10.00,22.18087622,43.51814434,55.12753617,14.39747924,9.70817070,0.01385304,0.00000000,0.00000000
17.5,171.48474,97.01951,2.19398,1.85000,0.02418,0.02016,5.77825,5.69944,2.74550,2.74294,0.46128,0.40155,4.29955,4.26329,180.00,180.00,10.00,10.00,21.84598900,43.42837204,55.52330975,14.57917150,10.00293291,0.01402163,0.00000000,0.00000000
17.6,171.62246,97.88445,2.16050,1.81886,0.02333,0.01941,5.73427,5.65478,2.72340,2.72085,0.45126,0.39235,4.27209,4.23562,180.00,180.00,10.00,10.00,21.51044643,43.33688749,55.91637407,14.76288239,10.29918572,0.01419186,0.00000000,0.00000000
17.7,171.75330,98.76286,2.12781,1.78854,0.02252,0.01871,5.69051,5.61036,2.70147,2.69893,0.44153,0.38343,4.24473,4.20806,180.00,180.00,10.00,10.00,21.17436006,43.24368535,56.30654765,14.94862611,10.59679841,0.01436374,0.00000000,0.00000000
17.8,171.87765,99.65480,2.09589,1.75901,0.02174,0.01803,5.64697,5.56618,2.67972,2.67719,0.43207,0.37478,4.21748,4.18063,180.00,180.00,10.00,10.00,20.83784409,43.14876009,56.69364588,15.13641674,10.89564007,0.01453728,0.00000000,0.00000000
17.9,171.99585,100.56035,2.06471,1.73025,0.02099,0.01739,5.60365,5.52225,2.65815,2.65562,0.42288,0.36638,4.19035,4.15331,180.00,180.00,10.00,10.00,20.50101540,43.05210597,57.07748108,15.32626819,11.19557948,0.01471246,0.00000000,0.00000000
18.0,172.10824,101.47959,2.03426,1.70223,0.02028,0.01677,5.56056,5.47856,2.63674,2.63423,0.41394,0.35824,4.16333,4.12612,180.00,180.00,10.00,10.00,20.16399344,42.95371712,57.45786266,15.51819421,11.49648504,0.01488930,0.00000000,0.00000000
18.1,172.21515,102.41258,2.00453,1.67495,0.01959,0.01618,5.51769,5.43513,2.61551,2.61300,0.40526,0.35034,4.13642,4.09905,180.00,180.00,10.00,10.00,19.82690027,42.85358748,57.83459718,15.71220839,11.79822467,0.01506781,0.00000000,0.00000000
18.2,172.31687,103.35941,1.97549,1.64838,0.01893,0.01561,5.47506,5.39194,2.59445,2.59196,0.39681,0.34268,4.10964,4.07211,180.00,180.00,10.00,10.00,19.48986046,42.75171086,58.20748851,15.90832412,12.10066577,0.01524797,0.00000000,0.00000000
18.3,172.41369,104.32015,1.94712,1.62249,0.01830,0.01507,5.43266,5.34901,2.57356,2.57108,0.38860,0.33524,4.08297,4.04530,180.00,180.00,10.00,10.00,19.15300108,42.64808090,58.57633794,16.10655461,12.40367514,0.01542980,0.00000000,0.00000000
18.4,172.50588,105.29488,1.91941,1.59727,0.01770,0.01455,5.39049,5.30634,2.55284,2.55036,0.38061,0.32802,4.05642,4.01862,180.00,180.00,10.00,10.00,18.81645164,42.54269113,58.94094438,16.30691285,12.70711895,0.01561328,0.00000000,0.00000000
18.5,172.59369,106.28367,1.89234,1.57271,0.01712,0.01406,5.34856,5.26392,2.53229,2.52982,0.37285,0.32101,4.02999,3.99206,180.00,180.00,10.00,10.00,18.48034396,42.43553497,59.30110449,16.50941163,13.01086270,0.01579844,0.00000000,0.00000000
18.6,172.67735,107.28662,1.86590,1.54877,0.01656,0.01358,5.30686,5.22176,2.51190,2.50944,0.36529,0.31421,4.00368,3.96564,180.00,180.00,10.00,10.00,18.14481217,42.32660571,59.65661289,16.71406352,13.31477119,0.01598525,0.00000000,0.00000000
18.7,172.75710,108.30379,1.84007,1.52545,0.01603,0.01313,5.26541,5.17986,2.49168,2.48923,0.35795,0.30760,3.97750,3.93935,180.00,180.00,10.00,10.00,17.80999257,42.21589655,60.00726240,16.92088082,13.61870854,0.01617373,0.00000000,0.00000000
18.8,172.83314,109.33527,1.81484,1.50273,0.01551,0.01269,5.22419,5.13823,2.47162,2.46918,0.35080,0.30119,3.95144,3.91320,180.00,180.00,10.00,10.00,17.47602352,42.10340059,60.35284420,17.12987560,13.92253819,0.01636387,0.00000000,0.00000000
18.9,172.90567,110.38113,1.79018,1.48059,0.01502,0.01227,5.18322,5.09685,2.45172,2.44929,0.34385,0.29496,3.92551,3.88718,180.00,180.00,10.00,10.00,17.14304535,41.98911086,60.69314815,17.34105968,14.22612291,0.01655566,0.00000000,0.00000000
19.0,172.97489,111.44147,1.76609,1.45902,0.01455,0.01187,5.14249,5.05573,2.43198,2.42957,0.33708,0.28891,3.89971,3.86129,180.00,180.00,10.00,10.00,16.81120021,41.87302034,61.02796302,17.55444459,14.52932485,0.01674911,0.00000000,0.00000000
19.1,173.04097,112.51636,1.74255,1.43799,0.01409,0.01149,5.10200,5.01488,2.41240,2.41000,0.33050,0.28303,3.87404,3.83554,180.00,180.00,10.00,10.00,16.48063193,41.75512191,61.35707679,17.77004155,14.83200558,0.01694421,0.00000000,0.00000000
19.2,173.10408,113.60588,1.71955,1.41750,0.01366,0.01112,5.06176,4.97430,2.39298,2.39059,0.32409,0.27732,3.84849,3.80993,180.00,180.00,10.00,10.00,16.15148587,41.63540845,61.68027697,17.98786152,15.13402618,0.01714096,0.00000000,0.00000000
19.3,173.16437,114.71012,1.69707,1.39753,0.01324,0.01077,5.02177,4.93398,2.37372,2.37134,0.31785,0.27178,3.82308,3.78445,180.00,180.00,10.00,10.00,15.82390873,41.51387277,61.99735090,18.20791512,15.43524730,0.01733936,0.00000000,0.00000000
19.4,173.22200,115.82915,1.67510,1.37806,0.01283,0.01043,4.98202,4.89392,2.35461,2.35224,0.31178,0.26639,3.79779,3.75912,180.00,180.00,10.00,10.00,15.49804837,41.39050766,62.30808618,18.43021264,15.73552926,0.01753939,0.00000000,0.00000000
19.5,173.27711,116.96307,1.65363,1.35909,0.01244,0.01010,4.94251,4.85413,2.33566,2.33330,0.30587,0.26115,3.77264,3.73392,180.00,180.00,10.00,10.00,15.17405361,41.26530592,62.61227097,18.65476403,16.03473219,0.01774105,0.00000000,0.00000000
19.6,173.32983,118.11195,1.63265,1.34059,0.01207,0.00979,4.90326,4.81461,2.31686,2.31452,0.30012,0.25606,3.74762,3.70886,180.00,180.00,10.00,10.00,14.85207402,41.13826032,62.90969446,18.88157889,16.33271613,0.01794433,0.00000000,0.00000000
19.7,173.38028,119.27587,1.61214,1.32256,0.01171,0.00949,4.86426,4.77535,2.29821,2.29588,0.29452,0.25111,3.72273,3.68394,180.00,180.00,10.00,10.00,14.53225965,41.00936365,63.20014728,19.11066644,16.62934122,0.01814923,0.00000000,0.00000000
19.8,173.42859,120.45492,1.59209,1.30498,0.01137,0.00920,4.82550,4.73636,2.27971,2.27740,0.28906,0.24630,3.69797,3.65916,180.00,180.00,10.00,10.00,14.21476081,40.87860872,63.48342191,19.34203551,16.92446780,0.01835573,0.00000000,0.00000000
19.9,173.47486,121.64917,1.57250,1.28785,0.01103,0.00893,4.78700,4.69764,2.26136,2.25906,0.28375,0.24162,3.67335,3.63451,180.00,180.00,10.00,10.00,13.89972779,40.74598836,63.75931323,19.57569452,17.21795664,0.01856383,0.00000000,0.00000000
20.0,173.51920,122.85871,1.55334,1.27114,0.01071,0.00866,4.74874,4.65918,2.24316,2.24087,0.27857,0.23708,3.64886,3.61001,180.00,180.00,10.00,10.00,13.58731056,40.61149546,64.02761896,19.81165149,17.50966914,0.01877352,0.00000000,0.00000000
20.1,173.56170,124.08362,1.53461,1.25484,0.01041,0.00841,4.71073,4.62099,2.22511,2.22283,0.27353,0.23265,3.62451,3.58565,180.00,180.00,10.00,10.00,13.27765852,40.47512295,64.28814022,20.04991399,17.79946751,0.01898478,0.00000000,0.00000000
20.2,173.60247,125.32398,1.51630,1.23896,0.01011,0.00816,4.67298,4.58307,2.20720,2.20494,0.26861,0.22835,3.60029,3.56143,180.00,180.00,10.00,10.00,12.97092013,40.33686385,64.54068203,20.29048913,18.08721501,0.01919760,0.00000000,0.00000000
20.3,173.64159,126.57986,1.49840,1.22347,0.00982,0.00792,4.63547,4.54541,2.18944,2.18719,0.26383,0.22417,3.57621,3.53735,180.00,180.00,10.00,10.00,12.66724259,40.19671122,64.78505389,20.53338357,18.37277621,0.01941197,0.00000000,0.00000000
20.4,173.67914,127.85135,1.48090,1.20836,0.00955,0.00770,4.59821,4.50802,2.17183,2.16959,0.25916,0.22010,3.55226,3.51342,180.00,180.00,10.00,10.00,12.36677155,40.05465823,65.02107039,20.77860348,18.65601720,0.01962787,0.00000000,0.00000000
20.5,173.71520,129.13852,1.46378,1.19363,0.00928,0.00748,4.56121,4.47090,2.15435,2.15213,0.25462,0.21613,3.52844,3.48962,180.00,180.00,10.00,10.00,12.06965068,39.91069818,65.24855173,21.02615449,18.93680593,0.01984529,0.00000000,0.00000000
20.6,173.74984,130.44146,1.44704,1.17926,0.00903,0.00727,4.52445,4.43404,2.13702,2.13481,0.25019,0.21228,3.50476,3.46596,180.00,180.00,10.00,10.00,11.77602134,39.76482443,65.46732438,21.27604176,19.21501241,0.02006422,0.00000000,0.00000000
20.7,173.78314,131.76022,1.43068,1.16525,0.00878,0.00707,4.48795,4.39745,2.11982,2.11763,0.24587,0.20853,3.48122,3.44245,180.00,180.00,10.00,10.00,11.48602221,39.61703052,65.67722169,21.52826988,19.49050906,0.02028462,0.00000000,0.00000000
20.8,173.81517,133.09489,1.41467,1.15158,0.00854,0.00687,4.45169,4.36112,2.10277,2.10059,0.24166,0.20488,3.45781,3.41907,180.00,180.00,10.00,10.00,11.19978889,39.46731010,65.87808449,21.78284287,19.76317099,0.02050650,0.00000000,0.00000000
20.9,173.84597,134.44555,1.39902,1.13825,0.00831,0.00668,4.41569,4.32505,2.08585,2.08368,0.23756,0.20132,3.43454,3.39584,180.00,180.00,10.00,10.00,10.91745352,39.31565699,66.06976174,22.03976420,20.03287628,0.02072981,0.00000000,0.00000000
21.0,173.87562,135.81226,1.38371,1.12524,0.00809,0.00650,4.37993,4.28925,2.06907,2.06692,0.23355,0.19786,3.41141,3.37274,180.00,180.00,10.00,10.00,10.63914436,39.16206516,66.25211112,22.29903671,20.29950636,0.02095455,0.00000000,0.00000000
21.1,173.90416,137.19509,1.36874,1.11256,0.00788,0.00633,4.34442,4.25370,2.05243,2.05029,0.22965,0.19449,3.38841,3.34979,180.00,180.00,10.00,10.00,10.36498541,39.00652879,66.42499969,22.56066265,20.56294624,0.02118069,0.00000000,0.00000000
21.2,173.93166,138.59411,1.35409,1.10018,0.00767,0.00616,4.30916,4.21843,2.03592,2.03379,0.22585,0.19121,3.36554,3.32697,180.00,180.00,10.00,10.00,10.09509603,38.84904223,66.58830447,22.82464361,20.82308491,0.02140821,0.00000000,0.00000000
21.3,173.95815,140.00939,1.33976,1.08811,0.00748,0.00600,4.27415,4.18341,2.01955,2.01743,0.22213,0.18802,3.34281,3.30430,180.00,180.00,10.00,10.00,9.82959050,38.68960006,66.74191308,23.09098052,21.07981561,0.02163708,0.00000000,0.00000000
21.4,173.98369,141.44099,1.32575,1.07633,0.00728,0.00584,4.23938,4.14865,2.00330,2.00120,0.21851,0.18491,3.32022,3.28176,180.00,180.00,10.00,10.00,9.56857769,38.52819705,66.88572427,23.35967365,21.33303613,0.02186728,0.00000000,0.00000000
21.5,174.00833,142.88898,1.31204,1.06485,0.00710,0.00569,4.20486,4.11415,1.98719,1.98510,0.21498,0.18187,3.29776,3.25937,180.00,180.00,10.00,10.00,9.31216061,38.36482825,67.01964847,23.63072254,21.58264918,0.02209878,0.00000000,0.00000000
21.6,174.03209,144.35341,1.29863,1.05364,0.00692,0.00555,4.17059,4.07991,1.97121,1.96913,0.21153,0.17892,3.27543,3.23711,180.00,180.00,10.00,10.00,9.06043613,38.19948893,67.14360839,23.90412602,21.82856262,0.02233154,0.00000000,0.00000000
21.7,174.05503,145.83435,1.28551,1.04270,0.00675,0.00541,4.13656,4.04593,1.95536,1.95330,0.20817,0.17604,3.25324,3.21499,180.00,180.00,10.00,10.00,8.81349455,38.03217464,67.25753940,24.17988218,22.07068978,0.02256554,0.00000000,0.00000000
21.8,174.07718,147.33185,1.27267,1.03203,0.00658,0.00527,4.10278,4.01220,1.93964,1.93759,0.20489,0.17324,3.23119,3.19301,180.00,180.00,10.00,10.00,8.57141934,37.86288123,67.36139009,24.45798833,22.30894974,0.02280075,0.00000000,0.00000000
21.9,174.09858,148.83940,1.26011,1.02162,0.00642,0.00514,4.06925,3.97873,1.92404,1.92200,0.20168,0.17051,3.20927,3.17117,180.00,180.00,10.00,10.00,8.33428676,37.69160473,67.45512256,24.73844098,22.54326757,0.02369387,0.00000000,0.00000000
22.0,174.11925,150.29301,1.24782,1.01146,0.00626,0.00502,4.03595,3.94551,1.90857,1.90655,0.19856,0.16784,3.18748,3.14946,180.00,180.00,10.00,10.00,8.10216565,37.51833562,67.53871289,25.02123584,22.77357458,0.03165462,0.00000000,0.00000000
22.1,174.13924,151.67788,1.23579,1.00155,0.00611,0.00490,4.00290,3.91255,1.89322,1.89122,0.19550,0.16525,3.16583,3.12790,180.00,180.00,10.00,10.00,7.87511712,37.34305555,67.61215132,25.30636772,22.99980851,0.04818371,0.00000000,0.00000000
22.2,174.15856,152.99584,1.22403,0.99188,0.00597,0.00478,3.97009,3.87984,1.87800,1.87601,0.19252,0.16271,3.14431,3.10647,180.00,180.00,10.00,10.00,7.65319436,37.16574605,67.67544258,25.59383055,23.22191373,0.07311813,0.00000000,0.00000000
22.3,174.17726,154.24884,1.21251,0.98243,0.00583,0.00467,3.93752,3.84738,1.86291,1.86093,0.18961,0.16024,3.12292,3.08517,180.00,180.00,10.00,10.00,7.43644245,36.98638941,67.72860600,25.88361730,23.43984142,0.10628239,0.00000000,0.00000000
22.4,174.19535,155.43893,1.20124,0.97321,0.00569,0.00456,3.90519,3.81517,1.84793,1.84596,0.18677,0.15784,3.10166,3.06401,180.00,180.00,10.00,10.00,7.22489818,36.80496871,67.77167562,26.17571999,23.65354968,0.14749079,0.00000000,0.00000000
22.5,174.21287,156.56823,1.19022,0.96421,0.00556,0.00445,3.87310,3.78321,1.83308,1.83112,0.18400,0.15549,3.08054,3.04299,180.00,180.00,10.00,10.00,7.01859000,36.62146784,67.80470027,26.47012964,23.86300362,0.19654961,0.00000000,0.00000000
22.6,174.22983,157.63890,1.17943,0.95541,0.00543,0.00435,3.84125,3.75150,1.81834,1.81640,0.18129,0.15319,3.05955,3.02210,180.00,180.00,10.00,10.00,6.81753788,36.43587156,67.82774344,26.76683624,24.06817547,0.25325911,0.00000000,0.00000000
22.7,174.24627,158.65315,1.16887,0.94682,0.00531,0.00425,3.80964,3.72004,1.80373,1.80180,0.17864,0.15096,3.03869,3.00134,180.00,180.00,10.00,10.00,6.62175333,36.24816548,67.84088324,27.06582876,24.26904455,0.31741531,0.00000000,0.00000000
22.8,174.26219,159.61321,1.15853,0.93843,0.00519,0.00416,3.77826,3.68882,1.78923,1.78732,0.17605,0.14877,3.01797,2.98072,180.00,180.00,10.00,10.00,6.43123941,36.05833615,67.84421218,27.36709506,24.46559732,0.38881164,0.00000000,0.00000000
22.9,174.27763,160.52129,1.14842,0.93024,0.00507,0.00406,3.74711,3.65784,1.77485,1.77295,0.17353,0.14664,2.99737,2.96023,180.00,180.00,10.00,10.00,6.24599075,35.86637100,67.83783689,27.67062191,24.65782732,0.46724039,0.00000000,0.00000000
23.0,174.29260,161.37963,1.13852,0.92223,0.00496,0.00397,3.71621,3.62711,1.76059,1.75870,0.17106,0.14456,2.97690,2.93988,180.00,180.00,10.00,10.00,6.06599370,35.67225844,67.82187777,27.97639493,24.84573510,0.55249402,0.00000000,0.00000000
23.1,174.30712,162.19040,1.12883,0.91441,0.00485,0.00389,3.68553,3.59661,1.74644,1.74457,0.16865,0.14253,2.95656,2.91966,180.00,180.00,10.00,10.00,5.89122647,35.47598781,67.79646860,28.28439856,25.02932812,0.64436631,0.00000000,0.00000000
23.2,174.32121,162.95577,1.11934,0.90676,0.00474,0.00380,3.65509,3.56636,1.73241,1.73055,0.16629,0.14055,2.93636,2.89956,180.00,180.00,10.00,10.00,5.72165928,35.27754944,67.76175605,28.59461607,25.20862057,0.74265330,0.00000000,0.00000000
23.3,174.33489,163.67787,1.11006,0.89929,0.00464,0.00372,3.62487,3.53635,1.71849,1.71664,0.16399,0.13861,2.91628,2.87960,180.00,180.00,10.00,10.00,5.55725460,35.07693467,67.71789912,28.90702947,25.38363326,0.84715416,0.00000000,0.00000000
23.4,174.34817,164.35876,1.10097,0.89198,0.00454,0.00364,3.59489,3.50657,1.70468,1.70285,0.16174,0.13672,2.89633,2.85977,180.00,180.00,10.00,10.00,5.39796746,34.87413581,67.66506851,29.22161951,25.55439334,0.95767186,0.00000000,0.00000000
23.5,174.36106,165.00048,1.09208,0.88485,0.00445,0.00357,3.56514,3.47703,1.69099,1.68917,0.15954,0.13487,2.87650,2.84007,180.00,180.00,10.00,10.00,5.24374567,34.66914621,67.60344600,29.53836564,25.72093411,1.07401383,0.00000000,0.00000000
23.6,174.37359,165.60498,1.08337,0.87787,0.00435,0.00349,3.53561,3.44773,1.67740,1.67559,0.15739,0.13306,2.85681,2.82050,180.00,180.00,10.00,10.00,5.09453023,34.46196026,67.53322367,29.85724600,25.88329474,1.19599235,0.00000000,0.00000000
23.7,174.38576,166.17417,1.07485,0.87105,0.00426,0.00342,3.50631,3.41866,1.66393,1.66213,0.15528,0.13130,2.83724,2.80106,180.00,180.00,10.00,10.00,4.95025563,34.25257338,67.45460321,30.17823734,26.04152000,1.32342494,0.00000000,0.00000000
23.8,174.39759,166.70988,1.06651,0.86438,0.00418,0.00335,3.47724,3.38982,1.65056,1.64878,0.15323,0.12957,2.81780,2.78175,180.00,180.00,10.00,10.00,4.81085028,34.04098206,67.36779505,30.50131502,26.19565990,1.45613470,0.00000000,0.00000000
23.9,174.40909,167.21388,1.05835,0.85786,0.00409,0.00328,3.44839,3.36121,1.63731,1.63553,0.15122,0.12788,2.79848,2.76256,180.00,180.00,10.00,10.00,4.67623690,33.82718385,67.27301757,30.82645297,26.34576943,1.59395041,0.00000000,0.00000000
24.0,174.42027,167.68788,1.05035,0.85148,0.00401,0.00322,3.41976,3.33283,1.62416,1.62240,0.14925,0.12623,2.77929,2.74350,180.00,180.00,10.00,10.00,4.54633295,33.61117739,67.17049625,31.15362367,26.49190814,1.73670673,0.00000000,0.00000000