modeled_time,plants_baseline,plants_experiment,rabbits_baseline,rabbits_experiment,voles_baseline,voles_experiment,foxes_baseline,foxes_experiment,owls_baseline,owls_experiment,caterpillars_baseline,caterpillars_experiment,bluetits_baseline,bluetits_experiment,capacity_baseline,capacity_experiment,refuge_cover_percent_baseline,refuge_cover_percent_experiment
0.0,110.00000,110.00000,35.00000,35.00000,28.00000,28.00000,9.00000,9.00000,6.00000,6.00000,20.00000,20.00000,5.00000,5.00000,180.00,180.00,10.00,10.00
0.1,109.88561,109.88561,34.82064,34.82064,27.49504,27.49504,9.02911,9.02911,6.02563,6.02563,19.82676,19.82676,5.02849,5.02849,180.00,180.00,10.00,10.00
0.2,109.80423,109.80423,34.63902,34.63902,26.99242,26.99242,9.05801,9.05801,6.05087,6.05087,19.65278,19.65278,5.05694,5.05694,180.00,180.00,10.00,10.00
0.3,109.75516,109.75516,34.45515,34.45515,26.49225,26.49225,9.08669,9.08669,6.07569,6.07569,19.47807,19.47807,5.08534,5.08534,180.00,180.00,10.00,10.00
0.4,109.73771,109.73771,34.26905,34.26905,25.99462,25.99462,9.11514,9.11514,6.10009,6.10009,19.30268,19.30268,5.11370,5.11370,180.00,180.00,10.00,10.00
0.5,109.75119,109.75119,34.08076,34.08076,25.49964,25.49964,9.14337,9.14337,6.12406,6.12406,19.12663,19.12663,5.14200,5.14200,180.00,180.00,10.00,10.00
0.6,109.79496,109.79496,33.89030,33.89030,25.00743,25.00743,9.17134,9.17134,6.14756,6.14756,18.94996,18.94996,5.17024,5.17024,180.00,180.00,10.00,10.00
0.7,109.86836,109.86836,33.69768,33.69768,24.51808,24.51808,9.19907,9.19907,6.17060,6.17060,18.77268,18.77268,5.19841,5.19841,180.00,180.00,10.00,10.00
0.8,109.97078,109.97078,33.50292,33.50292,24.03170,24.03170,9.22654,9.22654,6.19314,6.19314,18.59482,18.59482,5.22651,5.22651,180.00,180.00,10.00,10.00
0.9,110.10158,110.10158,33.30606,33.30606,23.54841,23.54841,9.25374,9.25374,6.21518,6.21518,18.41643,18.41643,5.25453,5.25453,180.00,180.00,10.00,10.00
1.0,110.26015,110.26015,33.10711,33.10711,23.06829,23.06829,9.28066,9.28066,6.23670,6.23670,18.23752,18.23752,5.28246,5.28246,180.00,180.00,10.00,10.00
1.1,110.44588,110.44588,32.90609,32.90609,22.59147,22.59147,9.30730,9.30730,6.25768,6.25768,18.05812,18.05812,5.31030,5.31030,180.00,180.00,10.00,10.00
1.2,110.65817,110.65817,32.70302,32.70302,22.11805,22.11805,9.33364,9.33364,6.27811,6.27811,17.87826,17.87826,5.33805,5.33805,180.00,180.00,10.00,10.00
1.3,110.89642,110.89642,32.49793,32.49793,21.64813,21.64813,9.35968,9.35968,6.29797,6.29797,17.69797,17.69797,5.36568,5.36568,180.00,180.00,10.00,10.00
1.4,111.16003,111.16003,32.29082,32.29082,21.18183,21.18183,9.38540,9.38540,6.31723,6.31723,17.51727,17.51727,5.39321,5.39321,180.00,180.00,10.00,10.00
1.5,111.44839,111.44839,32.08173,32.08173,20.71925,20.71925,9.41080,9.41080,6.33590,6.33590,17.33621,17.33621,5.42061,5.42061,180.00,180.00,10.00,10.00
1.6,111.76091,111.76091,31.87067,31.87067,20.26049,20.26049,9.43587,9.43587,6.35394,6.35394,17.15479,17.15479,5.44789,5.44789,180.00,180.00,10.00,10.00
1.7,112.09698,112.09698,31.65766,31.65766,19.80567,19.80567,9.46060,9.46060,6.37134,6.37134,16.97305,16.97305,5.47504,5.47504,180.00,180.00,10.00,10.00
1.8,112.45600,112.45600,31.44272,31.44272,19.35489,19.35489,9.48497,9.48497,6.38808,6.38808,16.79102,16.79102,5.50204,5.50204,180.00,180.00,10.00,10.00
1.9,112.83735,112.83735,31.22587,31.22587,18.90826,18.90826,9.50899,9.50899,6.40415,6.40415,16.60872,16.60872,5.52890,5.52890,180.00,180.00,10.00,10.00
2.0,113.24043,113.24043,31.00713,31.00713,18.46589,18.46589,9.53263,9.53263,6.41953,6.41953,16.42619,16.42619,5.55560,5.55560,180.00,180.00,10.00,10.00
2.1,113.66460,113.66460,30.78652,30.78652,18.02787,18.02787,9.55589,9.55589,6.43420,6.43420,16.24344,16.24344,5.58213,5.58213,180.00,180.00,10.00,10.00
2.2,114.10926,114.10926,30.56406,30.56406,17.59432,17.59432,9.57876,9.57876,6.44815,6.44815,16.06051,16.06051,5.60850,5.60850,180.00,180.00,10.00,10.00
2.3,114.57375,114.57375,30.33977,30.33977,17.16534,17.16534,9.60122,9.60122,6.46136,6.46136,15.87743,15.87743,5.63468,5.63468,180.00,180.00,10.00,10.00
2.4,115.05746,115.05746,30.11367,30.11367,16.74104,16.74104,9.62328,9.62328,6.47381,6.47381,15.69422,15.69422,5.66068,5.66068,180.00,180.00,10.00,10.00
2.5,115.55972,115.55972,29.88578,29.88578,16.32151,16.32151,9.64491,9.64491,6.48548,6.48548,15.51092,15.51092,5.68648,5.68648,180.00,180.00,10.00,10.00
2.6,116.07991,116.07991,29.65613,29.65613,15.90686,15.90686,9.66610,9.66610,6.49637,6.49637,15.32754,15.32754,5.71207,5.71207,180.00,180.00,10.00,10.00
2.7,116.61734,116.61734,29.42473,29.42473,15.49718,15.49718,9.68685,9.68685,6.50646,6.50646,15.14412,15.14412,5.73746,5.73746,180.00,180.00,10.00,10.00
2.8,117.17137,117.17137,29.19162,29.19162,15.09259,15.09259,9.70715,9.70715,6.51572,6.51572,14.96068,14.96068,5.76262,5.76262,180.00,180.00,10.00,10.00
2.9,117.74133,117.74133,28.95681,28.95681,14.69317,14.69317,9.72698,9.72698,6.52415,6.52415,14.77726,14.77726,5.78756,5.78756,180.00,180.00,10.00,10.00
3.0,118.32653,118.32653,28.72033,28.72033,14.29902,14.29902,9.74634,9.74634,6.53173,6.53173,14.59388,14.59388,5.81225,5.81225,180.00,180.00,10.00,10.00
3.1,118.92631,118.92631,28.48221,28.48221,13.91024,13.91024,9.76521,9.76521,6.53845,6.53845,14.41057,14.41057,5.83670,5.83670,180.00,180.00,10.00,10.00
3.2,119.53997,119.53997,28.24247,28.24247,13.52691,13.52691,9.78358,9.78358,6.54429,6.54429,14.22736,14.22736,5.86089,5.86089,180.00,180.00,10.00,10.00
3.3,120.16683,120.16683,28.00115,28.00115,13.14912,13.14912,9.80144,9.80144,6.54924,6.54924,14.04429,14.04429,5.88482,5.88482,180.00,180.00,10.00,10.00
3.4,120.80620,120.80620,27.75827,27.75827,12.77697,12.77697,9.81878,9.81878,6.55330,6.55330,13.86137,13.86137,5.90847,5.90847,180.00,180.00,10.00,10.00
3.5,121.45737,121.45737,27.51386,27.51386,12.41052,12.41052,9.83559,9.83559,6.55644,6.55644,13.67864,13.67864,5.93184,5.93184,180.00,180.00,10.00,10.00
3.6,122.11966,122.11966,27.26797,27.26797,12.04987,12.04987,9.85186,9.85186,6.55865,6.55865,13.49614,13.49614,5.95491,5.95491,180.00,180.00,10.00,10.00
3.7,122.79236,122.79236,27.02061,27.02061,11.69509,11.69509,9.86758,9.86758,6.55994,6.55994,13.31388,13.31388,5.97768,5.97768,180.00,180.00,10.00,10.00
3.8,123.47478,123.47478,26.77183,26.77183,11.34625,11.34625,9.88274,9.88274,6.56028,6.56028,13.13191,13.13191,6.00014,6.00014,180.00,180.00,10.00,10.00
3.9,124.16622,124.16622,26.52167,26.52167,11.00343,11.00343,9.89732,9.89732,6.55968,6.55968,12.95024,12.95024,6.02228,6.02228,180.00,180.00,10.00,10.00
4.0,124.86598,124.86598,26.27016,26.27016,10.66668,10.66668,9.91132,9.91132,6.55811,6.55811,12.76893,12.76893,6.04409,6.04409,180.00,180.00,10.00,10.00
4.1,125.57337,125.57337,26.01735,26.01735,10.33606,10.33606,9.92472,9.92472,6.55559,6.55559,12.58799,12.58799,6.06556,6.06556,180.00,180.00,10.00,10.00
4.2,126.28769,126.28769,25.76328,25.76328,10.01164,10.01164,9.93752,9.93752,6.55209,6.55209,12.40746,12.40746,6.08667,6.08667,180.00,180.00,10.00,10.00
4.3,127.00827,127.00827,25.50800,25.50800,9.69346,9.69346,9.94971,9.94971,6.54762,6.54762,12.22737,12.22737,6.10743,6.10743,180.00,180.00,10.00,10.00
4.4,127.73442,127.73442,25.25155,25.25155,9.38158,9.38158,9.96127,9.96127,6.54218,6.54218,12.04776,12.04776,6.12781,6.12781,180.00,180.00,10.00,10.00
4.5,128.46547,128.46547,24.99397,24.99397,9.07602,9.07602,9.97219,9.97219,6.53575,6.53575,11.86866,11.86866,6.14781,6.14781,180.00,180.00,10.00,10.00
4.6,129.20076,129.20076,24.73533,24.73533,8.77683,8.77683,9.98247,9.98247,6.52835,6.52835,11.69010,11.69010,6.16743,6.16743,180.00,180.00,10.00,10.00
4.7,129.93962,129.93962,24.47568,24.47568,8.48403,8.48403,9.99210,9.99210,6.51997,6.51997,11.51211,11.51211,6.18664,6.18664,180.00,180.00,10.00,10.00
4.8,130.68141,130.68141,24.21506,24.21506,8.19765,8.19765,10.00106,10.00106,6.51062,6.51062,11.33474,11.33474,6.20544,6.20544,180.00,180.00,10.00,10.00
4.9,131.42549,131.42549,23.95355,23.95355,7.91771,7.91771,10.00935,10.00935,6.50029,6.50029,11.15802,11.15802,6.22382,6.22382,180.00,180.00,10.00,10.00
5.0,132.17125,132.17125,23.69119,23.69119,7.64421,7.64421,10.01695,10.01695,6.48899,6.48899,10.98197,10.98197,6.24177,6.24177,180.00,180.00,10.00,10.00
5.1,132.91806,132.91806,23.42805,23.42805,7.37717,7.37717,10.02386,10.02386,6.47672,6.47672,10.80665,10.80665,6.25928,6.25928,180.00,180.00,10.00,10.00
5.2,133.66534,133.66534,23.16420,23.16420,7.11658,7.11658,10.03008,10.03008,6.46350,6.46350,10.63208,10.63208,6.27634,6.27634,180.00,180.00,10.00,10.00
5.3,134.41249,134.41249,22.89969,22.89969,6.86243,6.86243,10.03558,10.03558,6.44933,6.44933,10.45830,10.45830,6.29293,6.29293,180.00,180.00,10.00,10.00
5.4,135.15896,135.15896,22.63460,22.63460,6.61471,6.61471,10.04037,10.04037,6.43422,6.43422,10.28535,10.28535,6.30906,6.30906,180.00,180.00,10.00,10.00
5.5,135.90418,135.90418,22.36899,22.36899,6.37341,6.37341,10.04444,10.04444,6.41818,6.41818,10.11326,10.11326,6.32470,6.32470,180.00,180.00,10.00,10.00
5.6,136.64763,136.64763,22.10294,22.10294,6.13848,6.13848,10.04777,10.04777,6.40121,6.40121,9.94207,9.94207,6.33986,6.33986,180.00,180.00,10.00,10.00
5.7,137.38878,137.38878,21.83653,21.83653,5.90991,5.90991,10.05037,10.05037,6.38335,6.38335,9.77182,9.77182,6.35451,6.35451,180.00,180.00,10.00,10.00
5.8,138.12714,138.12714,21.56981,21.56981,5.68765,5.68765,10.05222,10.05222,6.36459,6.36459,9.60255,9.60255,6.36866,6.36866,180.00,180.00,10.00,10.00
5.9,138.86222,138.86222,21.30288,21.30288,5.47165,5.47165,10.05332,10.05332,6.34496,6.34496,9.43429,9.43429,6.38228,6.38228,180.00,180.00,10.00,10.00
6.0,139.59357,139.59357,21.03581,21.03581,5.26186,5.26186,10.05366,10.05366,6.32446,6.32446,9.26708,9.26708,6.39538,6.39538,180.00,180.00,10.00,10.00
6.1,140.32073,140.32073,20.76867,20.76867,5.05822,5.05822,10.05324,10.05324,6.30313,6.30313,9.10096,9.10096,6.40794,6.40794,180.00,180.00,10.00,10.00
6.2,141.04329,141.04329,20.50156,20.50156,4.86067,4.86067,10.05205,10.05205,6.28097,6.28097,8.93597,8.93597,6.41995,6.41995,180.00,180.00,10.00,10.00
6.3,141.76084,141.76084,20.23454,20.23454,4.66914,4.66914,10.05009,10.05009,6.25800,6.25800,8.77214,8.77214,6.43140,6.43140,180.00,180.00,10.00,10.00
6.4,142.47300,142.47300,19.96771,19.96771,4.48356,4.48356,10.04734,10.04734,6.23425,6.23425,8.60952,8.60952,6.44229,6.44229,180.00,180.00,10.00,10.00
6.5,143.17940,143.17940,19.70115,19.70115,4.30384,4.30384,10.04382,10.04382,6.20974,6.20974,8.44813,8.44813,6.45261,6.45261,180.00,180.00,10.00,10.00
6.6,143.87970,143.87970,19.43493,19.43493,4.12990,4.12990,10.03951,10.03951,6.18449,6.18449,8.28802,8.28802,6.46234,6.46234,180.00,180.00,10.00,10.00
6.7,144.57357,144.57357,19.16916,19.16916,3.96164,3.96164,10.03440,10.03440,6.15852,6.15852,8.12923,8.12923,6.47149,6.47149,180.00,180.00,10.00,10.00
6.8,145.26071,145.26071,18.90391,18.90391,3.79898,3.79898,10.02851,10.02851,6.13185,6.13185,7.97178,7.97178,6.48004,6.48004,180.00,180.00,10.00,10.00
6.9,145.94084,145.94084,18.63927,18.63927,3.64182,3.64182,10.02182,10.02182,6.10451,6.10451,7.81573,7.81573,6.48798,6.48798,180.00,180.00,10.00,10.00
7.0,146.61368,146.61368,18.37532,18.37532,3.49005,3.49005,10.01433,10.01433,6.07653,6.07653,7.66109,7.66109,6.49531,6.49531,180.00,180.00,10.00,10.00
7.1,147.27900,147.27900,18.11215,18.11215,3.34357,3.34357,10.00605,10.00605,6.04793,6.04793,7.50791,7.50791,6.50202,6.50202,180.00,180.00,10.00,10.00
7.2,147.93657,147.93657,17.84985,17.84985,3.20226,3.20226,9.99696,9.99696,6.01872,6.01872,7.35623,7.35623,6.50810,6.50810,180.00,180.00,10.00,10.00
7.3,148.58617,148.58617,17.58850,17.58850,3.06603,3.06603,9.98707,9.98707,5.98895,5.98895,7.20607,7.20607,6.51356,6.51356,180.00,180.00,10.00,10.00
7.4,149.22761,149.22761,17.32819,17.32819,2.93475,2.93475,9.97639,9.97639,5.95863,5.95863,7.05748,7.05748,6.51837,6.51837,180.00,180.00,10.00,10.00
7.5,149.86073,149.86073,17.06900,17.06900,2.80830,2.80830,9.96489,9.96489,5.92779,5.92779,6.91048,6.91048,6.52254,6.52254,180.00,180.00,10.00,10.00
7.6,150.48537,150.48537,16.81102,16.81102,2.68658,2.68658,9.95260,9.95260,5.89646,5.89646,6.76510,6.76510,6.52606,6.52606,180.00,180.00,10.00,10.00
7.7,151.10139,151.10139,16.55433,16.55433,2.56946,2.56946,9.93951,9.93951,5.86466,5.86466,6.62138,6.62138,6.52893,6.52893,180.00,180.00,10.00,10.00
7.8,151.70866,151.70866,16.29901,16.29901,2.45682,2.45682,9.92562,9.92562,5.83242,5.83242,6.47935,6.47935,6.53114,6.53114,180.00,180.00,10.00,10.00
7.9,152.30708,152.30708,16.04514,16.04514,2.34855,2.34855,9.91093,9.91093,5.79976,5.79976,6.33904,6.33904,6.53269,6.53269,180.00,180.00,10.00,10.00
8.0,152.89656,152.89656,15.79280,15.79280,2.24451,2.24451,9.89545,9.89545,5.76671,5.76671,6.20046,1.24009,6.53357,6.53357,180.00,180.00,10.00,10.00
8.1,153.47701,153.67902,15.54206,15.54208,2.14459,2.14460,9.87918,9.87918,5.73329,5.73329,6.06367,1.19929,6.53379,6.49925,180.00,180.00,10.00,10.00
8.2,154.04838,154.43851,15.29302,15.29311,2.04867,2.04868,9.86211,9.86212,5.69953,5.69953,5.92866,1.15993,6.53333,6.46471,180.00,180.00,10.00,10.00
8.3,154.61062,155.17547,15.04573,15.04593,1.95663,1.95666,9.84427,9.84427,5.66545,5.66545,5.79548,1.12195,6.53220,6.42999,180.00,180.00,10.00,10.00
8.4,155.16368,155.89040,14.80028,14.80063,1.86834,1.86839,9.82564,9.82564,5.63108,5.63108,5.66414,1.08531,6.53040,6.39508,180.00,180.00,10.00,10.00
8.5,155.70754,156.58380,14.55673,14.55726,1.78369,1.78376,9.80623,9.80623,5.59644,5.59644,5.53467,1.04996,6.52792,6.36001,180.00,180.00,10.00,10.00
8.6,156.24219,157.25616,14.31515,14.31589,1.70256,1.70265,9.78605,9.78606,5.56156,5.56156,5.40709,1.01588,6.52477,6.32480,180.00,180.00,10.00,10.00
8.7,156.76762,157.90800,14.07561,14.07658,1.62483,1.62495,9.76511,9.76511,5.52644,5.52645,5.28141,0.98300,6.52094,6.28945,180.00,180.00,10.00,10.00
8.8,157.28385,158.53984,13.83817,13.83940,1.55039,1.55054,9.74340,9.74341,5.49113,5.49113,5.15766,0.95129,6.51644,6.25398,180.00,180.00,10.00,10.00
8.9,157.79088,159.15221,13.60290,13.60439,1.47913,1.47930,9.72093,9.72095,5.45564,5.45564,5.03585,0.92071,6.51126,6.21842,180.00,180.00,10.00,10.00
9.0,158.28874,159.74561,13.36985,13.37163,1.41092,1.41112,9.69772,9.69774,5.41998,5.41999,4.91599,0.89123,6.50541,6.18276,180.00,180.00,10.00,10.00
9.1,158.77747,160.32059,13.13908,13.14115,1.34567,1.34590,9.67377,9.67379,5.38419,5.38419,4.79809,0.86279,6.49889,6.14702,180.00,180.00,10.00,10.00
9.2,159.25712,160.87765,12.91065,12.91302,1.28327,1.28351,9.64908,9.64911,5.34827,5.34828,4.68218,0.83537,6.49170,6.11123,180.00,180.00,10.00,10.00
9.3,159.72772,161.41731,12.68461,12.68728,1.22360,1.22387,9.62366,9.62370,5.31225,5.31226,4.56825,0.80893,6.48385,6.07538,180.00,180.00,10.00,10.00
9.4,160.18933,161.94009,12.46101,12.46398,1.16657,1.16686,9.59753,9.59757,5.27615,5.27616,4.45631,0.78343,6.47535,6.03949,180.00,180.00,10.00,10.00
9.5,160.64203,162.44649,12.23989,12.24317,1.11207,1.11239,9.57068,9.57073,5.23998,5.23999,4.34638,0.75885,6.46618,6.00357,180.00,180.00,10.00,10.00
9.6,161.08588,162.93701,12.02130,12.02488,1.06002,1.06035,9.54313,9.54319,5.20377,5.20378,4.23845,0.73514,6.45637,5.96764,180.00,180.00,10.00,10.00
9.7,161.52095,163.41214,11.80528,11.80916,1.01030,1.01066,9.51489,9.51496,5.16752,5.16753,4.13253,0.71227,6.44591,5.93169,180.00,180.00,10.00,10.00
9.8,161.94733,163.87236,11.59187,11.59605,0.96284,0.96321,9.48596,9.48605,5.13125,5.13127,4.02862,0.69023,6.43481,5.89575,180.00,180.00,10.00,10.00
9.9,162.36510,164.31814,11.38111,11.38557,0.91753,0.91791,9.45636,9.45646,5.09498,5.09500,3.92672,0.66897,6.42308,5.85983,180.00,180.00,10.00,10.00
10.0,162.77434,164.74995,11.17302,11.17776,0.87429,0.87469,9.42609,9.42621,5.05872,5.05874,3.82682,0.64846,6.41072,5.82392,180.00,180.00,10.00,10.00
10.1,163.17516,165.16824,10.96764,10.97266,0.83304,0.83345,9.39517,9.39530,5.02249,5.02251,3.72892,0.62868,6.39775,5.78805,180.00,180.00,10.00,10.00
10.2,163.56764,165.57344,10.76500,10.77028,0.79370,0.79411,9.36361,9.36375,4.98630,4.98632,3.63302,0.60961,6.38417,5.75221,180.00,180.00,10.00,10.00
10.3,163.95190,165.96600,10.56512,10.57066,0.75617,0.75660,9.33141,9.33157,4.95015,4.95018,3.53911,0.59121,6.36999,5.71643,180.00,180.00,10.00,10.00
10.4,164.32802,166.34631,10.36802,10.37380,0.72039,0.72082,9.29859,9.29877,4.91407,4.91410,3.44718,0.57346,6.35521,5.68070,180.00,180.00,10.00,10.00
10.5,164.69612,166.71480,10.17373,10.17974,0.68628,0.68672,9.26516,9.26536,4.87806,4.87809,3.35722,0.55634,6.33985,5.64503,180.00,180.00,10.00,10.00
10.6,165.05630,167.07186,9.98225,9.98849,0.65377,0.65422,9.23113,9.23135,4.84214,4.84217,3.26922,0.53982,6.32392,5.60943,180.00,180.00,10.00,10.00
10.7,165.40868,167.41786,9.79361,9.80006,0.62279,0.62324,9.19652,9.19676,4.80631,4.80635,3.18316,0.52388,6.30743,5.57391,180.00,180.00,10.00,10.00
10.8,165.75336,167.75319,9.60781,9.61447,0.59328,0.59372,9.16133,9.16159,4.77058,4.77062,3.09903,0.50851,6.29038,5.53847,180.00,180.00,10.00,10.00
10.9,166.09046,168.07820,9.42487,9.43171,0.56516,0.56560,9.12558,9.12587,4.73497,4.73501,3.01681,0.49367,6.27279,5.50312,180.00,180.00,10.00,10.00
11.0,166.42008,168.39324,9.24478,9.25181,0.53837,0.53881,9.08928,9.08959,4.69948,4.69952,2.93649,0.47934,6.25467,5.46787,180.00,180.00,10.00,10.00
11.1,166.74236,168.69865,9.06757,9.07476,0.51286,0.51330,9.05245,9.05278,4.66411,4.66416,2.85804,0.46552,6.23604,5.43271,180.00,180.00,10.00,10.00
11.2,167.05739,168.99475,8.89322,8.90057,0.48857,0.48901,9.01509,9.01544,4.62888,4.62893,2.78145,0.45218,6.21689,5.39767,180.00,180.00,10.00,10.00
11.3,167.36530,169.28186,8.72173,8.72923,0.46544,0.46587,8.97722,8.97760,4.59380,4.59385,2.70670,0.43930,6.19725,5.36273,180.00,180.00,10.00,10.00
11.4,167.66621,169.56029,8.55311,8.56074,0.44342,0.44385,8.93885,8.93925,4.55886,4.55892,2.63376,0.42686,6.17713,5.32791,180.00,180.00,10.00,10.00
11.5,167.96023,169.83032,8.38734,8.39510,0.42245,0.42288,8.90000,8.90043,4.52409,4.52414,2.56261,0.41485,6.15654,5.29321,180.00,180.00,10.00,10.00
11.6,168.24748,170.09224,8.22443,8.23229,0.40250,0.40292,8.86068,8.86113,4.48947,4.48952,2.49322,0.40325,6.13549,5.25864,180.00,180.00,10.00,10.00
11.7,168.52808,170.34632,8.06435,8.07232,0.38351,0.38392,8.82090,8.82138,4.45502,4.45507,2.42558,0.39205,6.11399,5.22419,180.00,180.00,10.00,10.00
11.8,168.80214,170.59282,7.90711,7.91517,0.36544,0.36584,8.78068,8.78119,4.42074,4.42080,2.35965,0.38124,6.09206,5.18988,180.00,180.00,10.00,10.00
11.9,169.06979,170.83201,7.75268,7.76082,0.34824,0.34864,8.74003,8.74057,4.38664,4.38670,2.29541,0.37078,6.06972,5.15570,180.00,180.00,10.00,10.00
12.0,169.33114,171.06412,7.60105,7.60927,0.33187,0.33226,8.69896,8.69953,4.35272,4.35278,2.23283,0.36069,6.04696,5.12166,180.00,180.00,10.00,10.00
12.1,169.58630,171.28940,7.45221,7.46049,0.31629,0.31668,8.65750,8.65809,4.31898,4.31904,2.17189,0.35093,6.02382,5.08777,180.00,180.00,10.00,10.00
12.2,169.83539,171.50806,7.30614,7.31446,0.30148,0.30185,8.61564,8.61626,4.28543,4.28549,2.11255,0.34150,6.00030,5.05402,180.00,180.00,10.00,10.00
12.3,170.07853,171.72032,7.16281,7.17118,0.28738,0.28775,8.57341,8.57407,4.25207,4.25214,2.05479,0.33239,5.97640,5.02042,180.00,180.00,10.00,10.00
12.4,170.31584,171.92641,7.02220,7.03060,0.27397,0.27433,8.53083,8.53151,4.21891,4.21898,1.99857,0.32358,5.95216,4.98697,180.00,180.00,10.00,10.00
12.5,170.54742,172.12651,6.88429,6.89272,0.26121,0.26156,8.48790,8.48861,4.18595,4.18601,1.94387,0.31506,5.92758,4.95368,180.00,180.00,10.00,10.00
12.6,170.77338,172.32083,6.74906,6.75751,0.24907,0.24941,8.44463,8.44537,4.15318,4.15325,1.89066,0.30683,5.90267,4.92054,180.00,180.00,10.00,10.00
12.7,170.99385,172.50955,6.61648,6.62494,0.23752,0.23785,8.40105,8.40182,4.12062,4.12069,1.83891,0.29886,5.87745,4.88756,180.00,180.00,10.00,10.00
12.8,171.20894,172.69285,6.48652,6.49499,0.22653,0.22686,8.35717,8.35796,4.08826,4.08833,1.78858,0.29116,5.85192,4.85474,180.00,180.00,10.00,10.00
12.9,171.41874,172.87091,6.35916,6.36763,0.21608,0.21639,8.31300,8.31382,4.05611,4.05618,1.73966,0.28371,5.82611,4.82208,180.00,180.00,10.00,10.00
13.0,171.62338,173.04390,6.23436,6.24282,0.20613,0.20644,8.26855,8.26940,4.02416,4.02423,1.69210,0.27651,5.80003,4.78958,180.00,180.00,10.00,10.00
13.1,171.82296,173.21197,6.11210,6.12055,0.19667,0.19697,8.22384,8.22472,3.99242,3.99250,1.64587,0.26953,5.77368,4.75726,180.00,180.00,10.00,10.00
13.2,172.01758,173.37529,5.99235,6.00077,0.18767,0.18797,8.17888,8.17979,3.96090,3.96097,1.60095,0.26278,5.74708,4.72510,180.00,180.00,10.00,10.00
13.3,172.20736,173.53401,5.87506,5.88346,0.17911,0.17940,8.13368,8.13462,3.92958,3.92966,1.55731,0.25625,5.72025,4.69310,180.00,180.00,10.00,10.00
13.4,172.39239,173.68826,5.76022,5.76858,0.17097,0.17124,8.08826,8.08923,3.89848,3.89856,1.51491,0.24993,5.69319,4.66128,180.00,180.00,10.00,10.00
13.5,172.57278,173.83818,5.64778,5.65611,0.16322,0.16348,8.04264,8.04363,3.86759,3.86767,1.47373,0.24381,5.66593,4.62963,180.00,180.00,10.00,10.00
13.6,172.74864,173.98392,5.53771,5.54600,0.15584,0.15610,7.99682,7.99784,3.83692,3.83699,1.43374,0.23788,5.63846,4.59815,180.00,180.00,10.00,10.00
13.7,172.92005,174.12561,5.42998,5.43822,0.14882,0.14907,7.95082,7.95187,3.80645,3.80653,1.39490,0.23214,5.61080,4.56684,180.00,180.00,10.00,10.00
13.8,173.08713,174.26335,5.32455,5.33275,0.14215,0.14239,7.90465,7.90572,3.77621,3.77629,1.35719,0.22658,5.58296,4.53571,180.00,180.00,10.00,10.00
13.9,173.24996,174.39729,5.22139,5.22953,0.13579,0.13603,7.85832,7.85942,3.74617,3.74625,1.32057,0.22120,5.55496,4.50475,180.00,180.00,10.00,10.00
14.0,173.40865,174.52752,5.12046,5.12855,0.12974,0.12997,7.81185,7.81298,3.71636,3.71644,1.28503,0.21598,5.52680,4.47396,180.00,180.00,10.00,10.00
14.1,173.56328,174.65417,5.02173,5.02975,0.12399,0.12421,7.76525,7.76640,3.68675,3.68683,1.25053,0.21092,5.49850,4.44336,180.00,180.00,10.00,10.00
14.2,173.71396,174.77734,4.92515,4.93312,0.11851,0.11872,7.71852,7.71970,3.65736,3.65745,1.21704,0.20603,5.47007,4.41292,180.00,180.00,10.00,10.00
14.3,173.86077,174.89714,4.83070,4.83860,0.11329,0.11350,7.67169,7.67289,3.62819,3.62827,1.18454,0.20128,5.44151,4.38267,180.00,180.00,10.00,10.00
14.4,174.00381,175.01367,4.73833,4.74616,0.10833,0.10853,7.62477,7.62599,3.59923,3.59931,1.15301,0.19667,5.41284,4.35259,180.00,180.00,10.00,10.00
14.5,174.14316,175.12702,4.64801,4.65577,0.10360,0.10379,7.57776,7.57901,3.57048,3.57057,1.12240,0.19221,5.38407,4.32269,180.00,180.00,10.00,10.00
14.6,174.27891,175.23729,4.55970,4.56739,0.09910,0.09928,7.53067,7.53195,3.54195,3.54203,1.09270,0.18788,5.35520,4.29296,180.00,180.00,10.00,10.00
14.7,174.41114,175.34457,4.47337,4.48098,0.09481,0.09499,7.48353,7.48482,3.51363,3.51371,1.06389,0.18368,5.32625,4.26342,180.00,180.00,10.00,10.00
14.8,174.53995,175.44895,4.38897,4.39651,0.09073,0.09090,7.43633,7.43765,3.48552,3.48560,1.03593,0.17961,5.29723,4.23405,180.00,180.00,10.00,10.00
14.9,174.66541,175.55051,4.30648,4.31394,0.08684,0.08701,7.38910,7.39044,3.45762,3.45771,1.00880,0.17566,5.26813,4.20486,180.00,180.00,10.00,10.00
15.0,174.78760,175.64934,4.22585,4.23324,0.08314,0.08330,7.34183,7.34320,3.42994,3.43002,0.98249,0.17183,5.23899,4.17585,180.00,180.00,10.00,10.00
15.1,174.90661,175.74550,4.14705,4.15436,0.07961,0.07976,7.29455,7.29593,3.40246,3.40254,0.95695,0.16811,5.20979,4.14701,180.00,180.00,10.00,10.00
15.2,175.02252,175.83909,4.07005,4.07727,0.07624,0.07639,7.24726,7.24866,3.37520,3.37528,0.93218,0.16450,5.18055,4.11835,180.00,180.00,10.00,10.00
15.3,175.13539,175.93018,3.99480,4.00194,0.07304,0.07318,7.19996,7.20139,3.34814,3.34822,0.90815,0.16100,5.15128,4.08987,180.00,180.00,10.00,10.00
15.4,175.24531,176.01883,3.92127,3.92833,0.06998,0.07012,7.15268,7.15413,3.32129,3.32137,0.88484,0.15760,5.12198,4.06157,180.00,180.00,10.00,10.00
15.5,175.35234,176.10512,3.84943,3.85640,0.06707,0.06721,7.10542,7.10688,3.29464,3.29472,0.86223,0.15430,5.09267,4.03345,180.00,180.00,10.00,10.00
15.6,175.45657,176.18911,3.77923,3.78613,0.06430,0.06443,7.05819,7.05967,3.26820,3.26829,0.84029,0.15109,5.06334,4.00550,180.00,180.00,10.00,10.00
15.7,175.55807,176.27087,3.71066,3.71747,0.06165,0.06178,7.01100,7.01249,3.24197,3.24205,0.81900,0.14797,5.03401,3.97772,180.00,180.00,10.00,10.00
15.8,175.65689,176.35047,3.64367,3.65040,0.05913,0.05925,6.96385,6.96536,3.21594,3.21602,0.79836,0.14495,5.00469,3.95013,180.00,180.00,10.00,10.00
15.9,175.75312,176.42795,3.57822,3.58487,0.05672,0.05684,6.91675,6.91828,3.19011,3.19019,0.77832,0.14201,4.97537,3.92271,180.00,180.00,10.00,10.00
16.0,175.84681,176.50340,3.51429,3.52086,0.05442,0.05454,6.86973,6.87127,3.16449,3.16457,0.75889,0.13915,4.94607,3.89546,180.00,180.00,10.00,10.00
16.1,175.93803,176.57685,3.45185,3.45833,0.05223,0.05234,6.82277,6.82433,3.13906,3.13914,0.74003,0.13638,4.91680,3.86839,180.00,180.00,10.00,10.00
16.2,176.02685,176.64837,3.39085,3.39724,0.05014,0.05025,6.77589,6.77746,3.11383,3.11391,0.72174,0.13368,4.88755,3.84149,180.00,180.00,10.00,10.00
16.3,176.11333,176.71801,3.33127,3.33758,0.04815,0.04825,6.72910,6.73069,3.08880,3.08888,0.70399,0.13105,4.85833,3.81477,180.00,180.00,10.00,10.00
16.4,176.19752,176.78583,3.27307,3.27930,0.04624,0.04634,6.68240,6.68400,3.06397,3.06405,0.68677,0.12850,4.82915,3.78822,180.00,180.00,10.00,10.00
16.5,176.27950,176.85187,3.21623,3.22238,0.04443,0.04452,6.63580,6.63742,3.03933,3.03941,0.67005,0.12603,4.80002,3.76185,180.00,180.00,10.00,10.00
16.6,176.35931,176.91618,3.16072,3.16679,0.04269,0.04278,6.58931,6.59094,3.01489,3.01497,0.65384,0.12361,4.77093,3.73564,180.00,180.00,10.00,10.00
16.7,176.43702,176.97882,3.10650,3.11248,0.04103,0.04112,6.54294,6.54458,2.99064,2.99072,0.63810,0.12127,4.74190,3.70961,180.00,180.00,10.00,10.00
16.8,176.51268,177.03983,3.05354,3.05944,0.03945,0.03953,6.49668,6.49834,2.96658,2.96666,0.62283,0.11899,4.71292,3.68375,180.00,180.00,10.00,10.00
16.9,176.58634,177.09925,3.00182,3.00764,0.03793,0.03802,6.45056,6.45222,2.94272,2.94279,0.60800,0.11677,4.68401,3.65805,180.00,180.00,10.00,10.00
17.0,176.65806,177.15713,2.95130,2.95705,0.03649,0.03657,6.40457,6.40624,2.91904,2.91912,0.59362,0.11461,4.65517,3.63253,180.00,180.00,10.00,10.00
17.1,176.72788,177.21351,2.90197,2.90763,0.03511,0.03518,6.35871,6.36040,2.89555,2.89563,0.57965,0.11251,4.62640,3.60718,180.00,180.00,10.00,10.00
17.2,176.79587,177.26843,2.85378,2.85937,0.03379,0.03386,6.31300,6.31470,2.87225,2.87232,0.56610,0.11046,4.59770,3.58199,180.00,180.00,10.00,10.00
17.3,176.86207,177.32193,2.80672,2.81223,0.03252,0.03259,6.26744,6.26915,2.84913,2.84921,0.55294,0.10847,4.56908,3.55697,180.00,180.00,10.00,10.00
17.4,176.92652,177.37406,2.76075,2.76619,0.03132,0.03138,6.22204,6.22375,2.82620,2.82627,0.54016,0.10653,4.54055,3.53212,180.00,180.00,10.00,10.00
17.5,176.98928,177.42484,2.71586,2.72122,0.03016,0.03023,6.17680,6.17852,2.80345,2.80352,0.52776,0.10464,4.51209,3.50744,180.00,180.00,10.00,10.00
17.6,177.05038,177.47432,2.67202,2.67730,0.02906,0.02912,6.13172,6.13345,2.78088,2.78095,0.51571,0.10281,4.48373,3.48292,180.00,180.00,10.00,10.00
17.7,177.10988,177.52253,2.62919,2.63440,0.02800,0.02806,6.08681,6.08855,2.75849,2.75857,0.50402,0.10102,4.45546,3.45856,180.00,180.00,10.00,10.00
17.8,177.16782,177.56951,2.58736,2.59250,0.02699,0.02705,6.04208,6.04382,2.73628,2.73636,0.49266,0.09927,4.42729,3.43437,180.00,180.00,10.00,10.00
17.9,177.22424,177.61529,2.54651,2.55157,0.02602,0.02608,5.99753,5.99927,2.71425,2.71432,0.48163,0.09757,4.39921,3.41034,180.00,180.00,10.00,10.00
18.0,177.27918,177.65991,2.50660,2.51160,0.02509,0.02515,5.95315,5.95491,2.69240,2.69247,0.47091,0.09592,4.37124,3.38647,180.00,180.00,10.00,10.00
18.1,177.33269,177.70338,2.46762,2.47255,0.02420,0.02426,5.90897,5.91073,2.67072,2.67079,0.46050,0.09430,4.34336,3.36277,180.00,180.00,10.00,10.00
18.2,177.38479,177.74576,2.42955,2.43440,0.02335,0.02340,5.86497,5.86674,2.64921,2.64928,0.45039,0.09273,4.31560,3.33922,180.00,180.00,10.00,10.00
18.3,177.43553,177.78706,2.39235,2.39714,0.02254,0.02259,5.82117,5.82294,2.62788,2.62795,0.44057,0.09120,4.28794,3.31584,180.00,180.00,10.00,10.00
18.4,177.48495,177.82731,2.35602,2.36074,0.02176,0.02181,5.77757,5.77934,2.60672,2.60679,0.43102,0.08971,4.26039,3.29261,180.00,180.00,10.00,10.00
18.5,177.53309,177.86655,2.32053,2.32518,0.02101,0.02106,5.73417,5.73594,2.58573,2.58580,0.42175,0.08825,4.23295,3.26954,180.00,180.00,10.00,10.00
18.6,177.57997,177.90480,2.28586,2.29045,0.02029,0.02034,5.69097,5.69275,2.56490,2.56498,0.41273,0.08683,4.20563,3.24663,180.00,180.00,10.00,10.00
18.7,177.62564,177.94209,2.25198,2.25651,0.01960,0.01965,5.64797,5.64976,2.54425,2.54432,0.40397,0.08545,4.17842,3.22388,180.00,180.00,10.00,10.00
18.8,177.67012,177.97844,2.21889,2.22335,0.01895,0.01899,5.60519,5.60698,2.52376,2.52383,0.39545,0.08410,4.15134,3.20128,180.00,180.00,10.00,10.00
18.9,177.71345,178.01388,2.18656,2.19096,0.01831,0.01835,5.56262,5.56441,2.50344,2.50351,0.38718,0.08278,4.12437,3.17883,180.00,180.00,10.00,10.00
19.0,177.75565,178.04844,2.15497,2.15931,0.01771,0.01775,5.52026,5.52205,2.48328,2.48335,0.37913,0.08150,4.09752,3.15654,180.00,180.00,10.00,10.00
19.1,177.79678,178.08213,2.12410,2.12838,0.01712,0.01716,5.47812,5.47992,2.46328,2.46335,0.37130,0.08024,4.07079,3.13440,180.00,180.00,10.00,10.00
19.2,177.83684,178.11499,2.09394,2.09817,0.01657,0.01660,5.43620,5.43800,2.44345,2.44352,0.36369,0.07902,4.04419,3.11241,180.00,180.00,10.00,10.00
19.3,177.87587,178.14703,2.06447,2.06864,0.01603,0.01607,5.39451,5.39630,2.42377,2.42384,0.35629,0.07783,4.01772,3.09058,180.00,180.00,10.00,10.00
19.4,177.91390,178.17827,2.03568,2.03978,0.01551,0.01555,5.35303,5.35483,2.40425,2.40432,0.34910,0.07666,3.99137,3.06889,180.00,180.00,10.00,10.00
19.5,177.95096,178.20874,2.00754,2.01159,0.01502,0.01505,5.31178,5.31358,2.38489,2.38496,0.34210,0.07553,3.96515,3.04736,180.00,180.00,10.00,10.00
19.6,177.98707,178.23846,1.98003,1.98403,0.01455,0.01458,5.27076,5.27255,2.36569,2.36576,0.33529,0.07442,3.93905,3.02597,180.00,180.00,10.00,10.00
19.7,178.02226,178.26745,1.95316,1.95710,0.01409,0.01412,5.22996,5.23176,2.34664,2.34671,0.32866,0.07333,3.91309,3.00473,180.00,180.00,10.00,10.00
19.8,178.05655,178.29573,1.92689,1.93078,0.01365,0.01368,5.18940,5.19119,2.32775,2.32781,0.32222,0.07227,3.88726,2.98363,180.00,180.00,10.00,10.00
19.9,178.08997,178.32331,1.90122,1.90505,0.01323,0.01326,5.14907,5.15086,2.30901,2.30907,0.31594,0.07124,3.86155,2.96269,180.00,180.00,10.00,10.00
20.0,178.12255,178.35022,1.87612,1.87991,0.01282,0.01285,5.10897,5.11076,2.29041,2.29048,0.30984,0.07023,3.83598,2.94188,180.00,180.00,10.00,10.00
20.1,178.15430,178.37647,1.85159,1.85533,0.01243,0.01246,5.06910,5.07089,2.27197,2.27204,0.30390,0.06925,3.81055,2.92123,180.00,180.00,10.00,10.00
20.2,178.18525,178.40208,1.82762,1.83130,0.01206,0.01209,5.02947,5.03126,2.25368,2.25375,0.29811,0.06828,3.78524,2.90071,180.00,180.00,10.00,10.00
20.3,178.21542,178.42707,1.80418,1.80782,0.01170,0.01172,4.99008,4.99187,2.23554,2.23560,0.29248,0.06734,3.76007,2.88034,180.00,180.00,10.00,10.00
20.4,178.24483,178.45145,1.78127,1.78485,0.01135,0.01138,4.95092,4.95271,2.21754,2.21761,0.28700,0.06643,3.73504,2.86011,180.00,180.00,10.00,10.00
20.5,178.27351,178.47524,1.75887,1.76241,0.01102,0.01104,4.91201,4.91379,2.19969,2.19976,0.28166,0.06553,3.71014,2.84001,180.00,180.00,10.00,10.00
20.6,178.30147,178.49846,1.73697,1.74046,0.01070,0.01072,4.87333,4.87511,2.18199,2.18205,0.27646,0.06465,3.68538,2.82006,180.00,180.00,10.00,10.00
20.7,178.32873,178.52112,1.71555,1.71900,0.01039,0.01041,4.83489,4.83666,2.16442,2.16448,0.27140,0.06379,3.66075,2.80025,180.00,180.00,10.00,10.00
20.8,178.35532,178.54324,1.69462,1.69802,0.01009,0.01011,4.79669,4.79846,2.14700,2.14706,0.26647,0.06295,3.63626,2.78058,180.00,180.00,10.00,10.00
20.9,178.38124,178.56483,1.67414,1.67751,0.00980,0.00982,4.75873,4.76050,2.12972,2.12978,0.26167,0.06214,3.61190,2.76104,180.00,180.00,10.00,10.00
21.0,178.40653,178.58590,1.65413,1.65744,0.00953,0.00955,4.72101,4.72278,2.11258,2.11264,0.25699,0.06133,3.58768,2.74164,180.00,180.00,10.00,10.00
21.1,178.43119,178.60647,1.63455,1.63783,0.00926,0.00928,4.68353,4.68530,2.09558,2.09564,0.25243,0.06055,3.56360,2.72237,180.00,180.00,10.00,10.00
21.2,178.45524,178.62655,1.61541,1.61864,0.00900,0.00902,4.64630,4.64806,2.07871,2.07877,0.24799,0.05979,3.53966,2.70324,180.00,180.00,10.00,10.00
21.3,178.47870,178.64615,1.59668,1.59988,0.00875,0.00877,4.60930,4.61106,2.06198,2.06204,0.24366,0.05904,3.51585,2.68424,180.00,180.00,10.00,10.00
21.4,178.50159,178.66529,1.57837,1.58153,0.00852,0.00853,4.57255,4.57430,2.04539,2.04545,0.23944,0.05831,3.49218,2.66538,180.00,180.00,10.00,10.00
21.5,178.52391,178.68398,1.56046,1.56358,0.00829,0.00830,4.53604,4.53779,2.02893,2.02899,0.23532,0.05759,3.46864,2.64664,180.00,180.00,10.00,10.00
21.6,178.54570,178.70222,1.54295,1.54602,0.00806,0.00808,4.49977,4.50152,2.01261,2.01267,0.23131,0.05689,3.44525,2.62804,180.00,180.00,10.00,10.00
21.7,178.56695,178.72004,1.52581,1.52885,0.00785,0.00787,4.46375,4.46549,1.99641,1.99647,0.22740,0.05620,3.42199,2.60957,180.00,180.00,10.00,10.00
21.8,178.58769,178.73744,1.50905,1.51205,0.00764,0.00766,4.42796,4.42970,1.98035,1.98041,0.22359,0.05553,3.39887,2.59123,180.00,180.00,10.00,10.00
21.9,178.60793,178.75444,1.49266,1.49562,0.00744,0.00746,4.39242,4.39415,1.96442,1.96448,0.21987,0.05488,3.37588,2.57301,180.00,180.00,10.00,10.00
22.0,178.62768,178.77103,1.47662,1.47955,0.00725,0.00727,4.35712,4.35884,1.94862,1.94867,0.21625,0.05423,3.35304,2.55493,180.00,180.00,10.00,10.00
22.1,178.64695,178.78725,1.46093,1.46382,0.00706,0.00708,4.32206,4.32378,1.93294,1.93300,0.21271,0.05361,3.33033,2.53697,180.00,180.00,10.00,10.00
22.2,178.66577,178.80308,1.44557,1.44844,0.00689,0.00690,4.28724,4.28896,1.91739,1.91745,0.20926,0.05299,3.30775,2.51913,180.00,180.00,10.00,10.00
22.3,178.68413,178.81855,1.43055,1.43338,0.00671,0.00673,4.25267,4.25437,1.90197,1.90203,0.20589,0.05239,3.28531,2.50142,180.00,180.00,10.00,10.00
22.4,178.70205,178.83366,1.41586,1.41866,0.00654,0.00656,4.21833,4.22003,1.88667,1.88673,0.20261,0.05180,3.26301,2.48384,180.00,180.00,10.00,10.00
22.5,178.71955,178.84842,1.40148,1.40424,0.00638,0.00640,4.18423,4.18593,1.87150,1.87155,0.19940,0.05122,3.24085,2.46638,180.00,180.00,10.00,10.00
22.6,178.73664,178.86285,1.38741,1.39014,0.00623,0.00624,4.15037,4.15206,1.85645,1.85650,0.19628,0.05066,3.21882,2.44904,180.00,180.00,10.00,10.00
22.7,178.75332,178.87694,1.37364,1.37635,0.00607,0.00609,4.11675,4.11844,1.84152,1.84157,0.19323,0.05011,3.19692,2.43182,180.00,180.00,10.00,10.00
22.8,178.76960,178.89071,1.36017,1.36284,0.00593,0.00594,4.08337,4.08505,1.82671,1.82676,0.19025,0.04957,3.17516,2.41473,180.00,180.00,10.00,10.00
22.9,178.78550,178.90416,1.34699,1.34963,0.00579,0.00580,4.05023,4.05190,1.81202,1.81207,0.18734,0.04904,3.15354,2.39775,180.00,180.00,10.00,10.00
23.0,178.80103,178.91731,1.33409,1.33670,0.00565,0.00566,4.01732,4.01898,1.79745,1.79750,0.18450,0.04852,3.13205,2.38089,180.00,180.00,10.00,10.00
23.1,178.81620,178.93016,1.32146,1.32404,0.00552,0.00553,3.98465,3.98631,1.78300,1.78305,0.18173,0.04801,3.11069,2.36416,180.00,180.00,10.00,10.00
23.2,178.83101,178.94272,1.30910,1.31166,0.00539,0.00540,3.95221,3.95386,1.76866,1.76872,0.17902,0.04751,3.08947,2.34754,180.00,180.00,10.00,10.00
23.3,178.84548,178.95500,1.29701,1.29954,0.00527,0.00528,3.92001,3.92166,1.75444,1.75450,0.17638,0.04702,3.06838,2.33103,180.00,180.00,10.00,10.00
23.4,178.85961,178.96699,1.28517,1.28767,0.00515,0.00516,3.88804,3.88968,1.74034,1.74039,0.17380,0.04654,3.04742,2.31464,180.00,180.00,10.00,10.00
23.5,178.87341,178.97872,1.27359,1.27606,0.00503,0.00504,3.85631,3.85794,1.72635,1.72640,0.17127,0.04608,3.02660,2.29837,180.00,180.00,10.00,10.00
23.6,178.88690,178.99019,1.26225,1.26470,0.00492,0.00493,3.82481,3.82643,1.71247,1.71252,0.16881,0.04562,3.00591,2.28222,180.00,180.00,10.00,10.00
23.7,178.90007,179.00139,1.25115,1.25357,0.00481,0.00482,3.79354,3.79516,1.69871,1.69876,0.16640,0.04517,2.98535,2.26617,180.00,180.00,10.00,10.00
23.8,178.91294,179.01235,1.24029,1.24268,0.00470,0.00471,3.76250,3.76411,1.68506,1.68511,0.16405,0.04473,2.96492,2.25024,180.00,180.00,10.00,10.00
23.9,178.92552,179.02306,1.22965,1.23202,0.00460,0.00461,3.73169,3.73329,1.67151,1.67156,0.16175,0.04430,2.94462,2.23442,180.00,180.00,10.00,10.00
24.0,178.93781,179.03354,1.21924,1.22159,0.00450,0.00451,3.70111,3.70270,1.65808,1.65813,0.15951,0.04387,2.92445,2.21872,180.00,180.00,10.00,10.00