minute,generation_kW,demand_kW,direct_kW,charge_kW,discharge_kW,grid_kW,unserved_kW,curtailed_kW,stored_kWh,reserve_kWh,gridAvailable,primaryGeneration_kW,companionGeneration_kW,baselineDemand_kW,shiftedOut_kW,shiftedIn_kW
0,592.6983992293208,2,2,0,0,0,0,590.6983992293208,100,0,true,0,592.6983992293208,4,2,0
1,592.6983992293208,2,2,0,0,0,0,590.6983992293208,100,0,true,0,592.6983992293208,4,2,0
2,592.6983992293208,2,2,0,0,0,0,590.6983992293208,100,0,true,0,592.6983992293208,4,2,0
3,592.6983992293208,2,2,0,0,0,0,590.6983992293208,100,0,true,0,592.6983992293208,4,2,0
4,592.6983992293208,2,2,0,0,0,0,590.6983992293208,100,0,true,0,592.6983992293208,4,2,0
5,592.6983992293208,2,2,0,0,0,0,590.6983992293208,100,0,true,0,592.6983992293208,4,2,0
6,592.6983992293208,2,2,0,0,0,0,590.6983992293208,100,0,true,0,592.6983992293208,4,2,0
7,592.6983992293208,2,2,0,0,0,0,590.6983992293208,100,0,true,0,592.6983992293208,4,2,0
8,592.6983992293208,2,2,0,0,0,0,590.6983992293208,100,0,true,0,592.6983992293208,4,2,0
9,592.6983992293208,2,2,0,0,0,0,590.6983992293208,100,0,true,0,592.6983992293208,4,2,0
10,592.6983992293208,2,2,0,0,0,0,590.6983992293208,100,0,true,0,592.6983992293208,4,2,0
11,592.6983992293208,2,2,0,0,0,0,590.6983992293208,100,0,true,0,592.6983992293208,4,2,0
12,592.6983992293208,2,2,0,0,0,0,590.6983992293208,100,0,true,0,592.6983992293208,4,2,0
13,592.6983992293208,2,2,0,0,0,0,590.6983992293208,100,0,true,0,592.6983992293208,4,2,0
14,592.6983992293208,2,2,0,0,0,0,590.6983992293208,100,0,true,0,592.6983992293208,4,2,0
15,592.6983992293208,2,2,0,0,0,0,590.6983992293208,100,0,true,0,592.6983992293208,4,2,0
16,592.6983992293208,2,2,0,0,0,0,590.6983992293208,100,0,true,0,592.6983992293208,4,2,0
17,592.6983992293208,2,2,0,0,0,0,590.6983992293208,100,0,true,0,592.6983992293208,4,2,0
18,592.6983992293208,2,2,0,0,0,0,590.6983992293208,100,0,true,0,592.6983992293208,4,2,0
19,592.6983992293208,2,2,0,0,0,0,590.6983992293208,100,0,true,0,592.6983992293208,4,2,0
20,592.6983992293208,2,2,0,0,0,0,590.6983992293208,100,0,true,0,592.6983992293208,4,2,0
21,592.6983992293208,2,2,0,0,0,0,590.6983992293208,100,0,true,0,592.6983992293208,4,2,0
22,592.6983992293208,2,2,0,0,0,0,590.6983992293208,100,0,true,0,592.6983992293208,4,2,0
23,592.6983992293208,2,2,0,0,0,0,590.6983992293208,100,0,true,0,592.6983992293208,4,2,0
24,592.6983992293208,2,2,0,0,0,0,590.6983992293208,100,0,true,0,592.6983992293208,4,2,0
25,592.6983992293208,2,2,0,0,0,0,590.6983992293208,100,0,true,0,592.6983992293208,4,2,0
26,592.6983992293208,2,2,0,0,0,0,590.6983992293208,100,0,true,0,592.6983992293208,4,2,0
27,592.6983992293208,2,2,0,0,0,0,590.6983992293208,100,0,true,0,592.6983992293208,4,2,0
28,592.6983992293208,2,2,0,0,0,0,590.6983992293208,100,0,true,0,592.6983992293208,4,2,0
29,592.6983992293208,2,2,0,0,0,0,590.6983992293208,100,0,true,0,592.6983992293208,4,2,0
30,592.6983992293208,2,2,0,0,0,0,590.6983992293208,100,0,true,0,592.6983992293208,4,2,0
31,592.6983992293208,2,2,0,0,0,0,590.6983992293208,100,0,true,0,592.6983992293208,4,2,0
32,592.6983992293208,2,2,0,0,0,0,590.6983992293208,100,0,true,0,592.6983992293208,4,2,0
33,592.6983992293208,2,2,0,0,0,0,590.6983992293208,100,0,true,0,592.6983992293208,4,2,0
34,592.6983992293208,2,2,0,0,0,0,590.6983992293208,100,0,true,0,592.6983992293208,4,2,0
35,592.6983992293208,2,2,0,0,0,0,590.6983992293208,100,0,true,0,592.6983992293208,4,2,0
36,592.6983992293208,2,2,0,0,0,0,590.6983992293208,100,0,true,0,592.6983992293208,4,2,0
37,592.6983992293208,2,2,0,0,0,0,590.6983992293208,100,0,true,0,592.6983992293208,4,2,0
38,592.6983992293208,2,2,0,0,0,0,590.6983992293208,100,0,true,0,592.6983992293208,4,2,0
39,592.6983992293208,2,2,0,0,0,0,590.6983992293208,100,0,true,0,592.6983992293208,4,2,0
40,592.6983992293208,2,2,0,0,0,0,590.6983992293208,100,0,true,0,592.6983992293208,4,2,0
41,592.6983992293208,2,2,0,0,0,0,590.6983992293208,100,0,true,0,592.6983992293208,4,2,0
42,592.6983992293208,2,2,0,0,0,0,590.6983992293208,100,0,true,0,592.6983992293208,4,2,0
43,592.6983992293208,2,2,0,0,0,0,590.6983992293208,100,0,true,0,592.6983992293208,4,2,0
44,592.6983992293208,2,2,0,0,0,0,590.6983992293208,100,0,true,0,592.6983992293208,4,2,0
45,592.6983992293208,2,2,0,0,0,0,590.6983992293208,100,0,true,0,592.6983992293208,4,2,0
46,592.6983992293208,2,2,0,0,0,0,590.6983992293208,100,0,true,0,592.6983992293208,4,2,0
47,592.6983992293208,2,2,0,0,0,0,590.6983992293208,100,0,true,0,592.6983992293208,4,2,0
48,592.6983992293208,2,2,0,0,0,0,590.6983992293208,100,0,true,0,592.6983992293208,4,2,0
49,592.6983992293208,2,2,0,0,0,0,590.6983992293208,100,0,true,0,592.6983992293208,4,2,0
50,592.6983992293208,2,2,0,0,0,0,590.6983992293208,100,0,true,0,592.6983992293208,4,2,0
51,592.6983992293208,2,2,0,0,0,0,590.6983992293208,100,0,true,0,592.6983992293208,4,2,0
52,592.6983992293208,2,2,0,0,0,0,590.6983992293208,100,0,true,0,592.6983992293208,4,2,0
53,592.6983992293208,2,2,0,0,0,0,590.6983992293208,100,0,true,0,592.6983992293208,4,2,0
54,592.6983992293208,2,2,0,0,0,0,590.6983992293208,100,0,true,0,592.6983992293208,4,2,0
55,592.6983992293208,2,2,0,0,0,0,590.6983992293208,100,0,true,0,592.6983992293208,4,2,0
56,592.6983992293208,2,2,0,0,0,0,590.6983992293208,100,0,true,0,592.6983992293208,4,2,0
57,592.6983992293208,2,2,0,0,0,0,590.6983992293208,100,0,true,0,592.6983992293208,4,2,0
58,592.6983992293208,2,2,0,0,0,0,590.6983992293208,100,0,true,0,592.6983992293208,4,2,0
59,592.6983992293208,2,2,0,0,0,0,590.6983992293208,100,0,true,0,592.6983992293208,4,2,0
60,592.6983992293208,4,4,0,0,0,0,588.6983992293208,100,0,true,0,592.6983992293208,4,0,0
61,592.6983992293208,4,4,0,0,0,0,588.6983992293208,100,0,true,0,592.6983992293208,4,0,0
62,592.6983992293208,4,4,0,0,0,0,588.6983992293208,100,0,true,0,592.6983992293208,4,0,0
63,592.6983992293208,4,4,0,0,0,0,588.6983992293208,100,0,true,0,592.6983992293208,4,0,0
64,592.6983992293208,4,4,0,0,0,0,588.6983992293208,100,0,true,0,592.6983992293208,4,0,0
65,592.6983992293208,4,4,0,0,0,0,588.6983992293208,100,0,true,0,592.6983992293208,4,0,0
66,592.6983992293208,4,4,0,0,0,0,588.6983992293208,100,0,true,0,592.6983992293208,4,0,0
67,592.6983992293208,4,4,0,0,0,0,588.6983992293208,100,0,true,0,592.6983992293208,4,0,0
68,592.6983992293208,4,4,0,0,0,0,588.6983992293208,100,0,true,0,592.6983992293208,4,0,0
69,592.6983992293208,4,4,0,0,0,0,588.6983992293208,100,0,true,0,592.6983992293208,4,0,0
70,592.6983992293208,4,4,0,0,0,0,588.6983992293208,100,0,true,0,592.6983992293208,4,0,0
71,592.6983992293208,4,4,0,0,0,0,588.6983992293208,100,0,true,0,592.6983992293208,4,0,0
72,592.6983992293208,4,4,0,0,0,0,588.6983992293208,100,0,true,0,592.6983992293208,4,0,0
73,592.6983992293208,4,4,0,0,0,0,588.6983992293208,100,0,true,0,592.6983992293208,4,0,0
74,592.6983992293208,4,4,0,0,0,0,588.6983992293208,100,0,true,0,592.6983992293208,4,0,0
75,592.6983992293208,4,4,0,0,0,0,588.6983992293208,100,0,true,0,592.6983992293208,4,0,0
76,592.6983992293208,4,4,0,0,0,0,588.6983992293208,100,0,true,0,592.6983992293208,4,0,0
77,592.6983992293208,4,4,0,0,0,0,588.6983992293208,100,0,true,0,592.6983992293208,4,0,0
78,592.6983992293208,4,4,0,0,0,0,588.6983992293208,100,0,true,0,592.6983992293208,4,0,0
79,592.6983992293208,4,4,0,0,0,0,588.6983992293208,100,0,true,0,592.6983992293208,4,0,0
80,592.6983992293208,4,4,0,0,0,0,588.6983992293208,100,0,true,0,592.6983992293208,4,0,0
81,592.6983992293208,4,4,0,0,0,0,588.6983992293208,100,0,true,0,592.6983992293208,4,0,0
82,592.6983992293208,4,4,0,0,0,0,588.6983992293208,100,0,true,0,592.6983992293208,4,0,0
83,592.6983992293208,4,4,0,0,0,0,588.6983992293208,100,0,true,0,592.6983992293208,4,0,0
84,592.6983992293208,4,4,0,0,0,0,588.6983992293208,100,0,true,0,592.6983992293208,4,0,0
85,592.6983992293208,4,4,0,0,0,0,588.6983992293208,100,0,true,0,592.6983992293208,4,0,0
86,592.6983992293208,4,4,0,0,0,0,588.6983992293208,100,0,true,0,592.6983992293208,4,0,0
87,592.6983992293208,4,4,0,0,0,0,588.6983992293208,100,0,true,0,592.6983992293208,4,0,0
88,592.6983992293208,4,4,0,0,0,0,588.6983992293208,100,0,true,0,592.6983992293208,4,0,0
89,592.6983992293208,4,4,0,0,0,0,588.6983992293208,100,0,true,0,592.6983992293208,4,0,0
90,592.6983992293208,4,4,0,0,0,0,588.6983992293208,100,0,false,0,592.6983992293208,4,0,0
91,592.6983992293208,4,4,0,0,0,0,588.6983992293208,100,0,false,0,592.6983992293208,4,0,0
92,592.6983992293208,4,4,0,0,0,0,588.6983992293208,100,0,false,0,592.6983992293208,4,0,0
93,592.6983992293208,4,4,0,0,0,0,588.6983992293208,100,0,false,0,592.6983992293208,4,0,0
94,592.6983992293208,4,4,0,0,0,0,588.6983992293208,100,0,false,0,592.6983992293208,4,0,0
95,592.6983992293208,4,4,0,0,0,0,588.6983992293208,100,0,false,0,592.6983992293208,4,0,0
96,592.6983992293208,4,4,0,0,0,0,588.6983992293208,100,0,false,0,592.6983992293208,4,0,0
97,592.6983992293208,4,4,0,0,0,0,588.6983992293208,100,0,false,0,592.6983992293208,4,0,0
98,592.6983992293208,4,4,0,0,0,0,588.6983992293208,100,0,false,0,592.6983992293208,4,0,0
99,592.6983992293208,4,4,0,0,0,0,588.6983992293208,100,0,false,0,592.6983992293208,4,0,0
100,592.6983992293208,4,4,0,0,0,0,588.6983992293208,100,0,false,0,592.6983992293208,4,0,0
101,592.6983992293208,4,4,0,0,0,0,588.6983992293208,100,0,false,0,592.6983992293208,4,0,0
102,592.6983992293208,4,4,0,0,0,0,588.6983992293208,100,0,false,0,592.6983992293208,4,0,0
103,592.6983992293208,4,4,0,0,0,0,588.6983992293208,100,0,false,0,592.6983992293208,4,0,0
104,592.6983992293208,4,4,0,0,0,0,588.6983992293208,100,0,false,0,592.6983992293208,4,0,0
105,592.6983992293208,4,4,0,0,0,0,588.6983992293208,100,0,false,0,592.6983992293208,4,0,0
106,592.6983992293208,4,4,0,0,0,0,588.6983992293208,100,0,false,0,592.6983992293208,4,0,0
107,592.6983992293208,4,4,0,0,0,0,588.6983992293208,100,0,false,0,592.6983992293208,4,0,0
108,592.6983992293208,4,4,0,0,0,0,588.6983992293208,100,0,false,0,592.6983992293208,4,0,0
109,592.6983992293208,4,4,0,0,0,0,588.6983992293208,100,0,false,0,592.6983992293208,4,0,0
110,592.6983992293208,4,4,0,0,0,0,588.6983992293208,100,0,false,0,592.6983992293208,4,0,0
111,592.6983992293208,4,4,0,0,0,0,588.6983992293208,100,0,false,0,592.6983992293208,4,0,0
112,592.6983992293208,4,4,0,0,0,0,588.6983992293208,100,0,false,0,592.6983992293208,4,0,0
113,592.6983992293208,4,4,0,0,0,0,588.6983992293208,100,0,false,0,592.6983992293208,4,0,0
114,592.6983992293208,4,4,0,0,0,0,588.6983992293208,100,0,false,0,592.6983992293208,4,0,0
115,592.6983992293208,4,4,0,0,0,0,588.6983992293208,100,0,false,0,592.6983992293208,4,0,0
116,592.6983992293208,4,4,0,0,0,0,588.6983992293208,100,0,false,0,592.6983992293208,4,0,0
117,592.6983992293208,4,4,0,0,0,0,588.6983992293208,100,0,false,0,592.6983992293208,4,0,0
118,592.6983992293208,4,4,0,0,0,0,588.6983992293208,100,0,false,0,592.6983992293208,4,0,0
119,592.6983992293208,4,4,0,0,0,0,588.6983992293208,100,0,false,0,592.6983992293208,4,0,0
120,592.6983992293208,8,8,0,0,0,0,584.6983992293208,100,0,false,0,592.6983992293208,4,0,4
121,592.6983992293208,8,8,0,0,0,0,584.6983992293208,100,0,false,0,592.6983992293208,4,0,4
122,592.6983992293208,8,8,0,0,0,0,584.6983992293208,100,0,false,0,592.6983992293208,4,0,4
123,592.6983992293208,8,8,0,0,0,0,584.6983992293208,100,0,false,0,592.6983992293208,4,0,4
124,592.6983992293208,8,8,0,0,0,0,584.6983992293208,100,0,false,0,592.6983992293208,4,0,4
125,592.6983992293208,8,8,0,0,0,0,584.6983992293208,100,0,false,0,592.6983992293208,4,0,4
126,592.6983992293208,8,8,0,0,0,0,584.6983992293208,100,0,false,0,592.6983992293208,4,0,4
127,592.6983992293208,8,8,0,0,0,0,584.6983992293208,100,0,false,0,592.6983992293208,4,0,4
128,592.6983992293208,8,8,0,0,0,0,584.6983992293208,100,0,false,0,592.6983992293208,4,0,4
129,592.6983992293208,8,8,0,0,0,0,584.6983992293208,100,0,false,0,592.6983992293208,4,0,4
130,592.6983992293208,8,8,0,0,0,0,584.6983992293208,100,0,false,0,592.6983992293208,4,0,4
131,592.6983992293208,8,8,0,0,0,0,584.6983992293208,100,0,false,0,592.6983992293208,4,0,4
132,592.6983992293208,8,8,0,0,0,0,584.6983992293208,100,0,false,0,592.6983992293208,4,0,4
133,592.6983992293208,8,8,0,0,0,0,584.6983992293208,100,0,false,0,592.6983992293208,4,0,4
134,592.6983992293208,8,8,0,0,0,0,584.6983992293208,100,0,false,0,592.6983992293208,4,0,4
135,592.6983992293208,8,8,0,0,0,0,584.6983992293208,100,0,false,0,592.6983992293208,4,0,4
136,592.6983992293208,8,8,0,0,0,0,584.6983992293208,100,0,false,0,592.6983992293208,4,0,4
137,592.6983992293208,8,8,0,0,0,0,584.6983992293208,100,0,false,0,592.6983992293208,4,0,4
138,592.6983992293208,8,8,0,0,0,0,584.6983992293208,100,0,false,0,592.6983992293208,4,0,4
139,592.6983992293208,8,8,0,0,0,0,584.6983992293208,100,0,false,0,592.6983992293208,4,0,4
140,592.6983992293208,8,8,0,0,0,0,584.6983992293208,100,0,false,0,592.6983992293208,4,0,4
141,592.6983992293208,8,8,0,0,0,0,584.6983992293208,100,0,false,0,592.6983992293208,4,0,4
142,592.6983992293208,8,8,0,0,0,0,584.6983992293208,100,0,false,0,592.6983992293208,4,0,4
143,592.6983992293208,8,8,0,0,0,0,584.6983992293208,100,0,false,0,592.6983992293208,4,0,4
144,592.6983992293208,8,8,0,0,0,0,584.6983992293208,100,0,false,0,592.6983992293208,4,0,4
145,592.6983992293208,8,8,0,0,0,0,584.6983992293208,100,0,false,0,592.6983992293208,4,0,4
146,592.6983992293208,8,8,0,0,0,0,584.6983992293208,100,0,false,0,592.6983992293208,4,0,4
147,592.6983992293208,8,8,0,0,0,0,584.6983992293208,100,0,false,0,592.6983992293208,4,0,4
148,592.6983992293208,8,8,0,0,0,0,584.6983992293208,100,0,false,0,592.6983992293208,4,0,4
149,592.6983992293208,8,8,0,0,0,0,584.6983992293208,100,0,false,0,592.6983992293208,4,0,4
150,592.6983992293208,4,4,0,0,0,0,588.6983992293208,100,0,true,0,592.6983992293208,4,0,0
151,592.6983992293208,4,4,0,0,0,0,588.6983992293208,100,0,true,0,592.6983992293208,4,0,0
152,592.6983992293208,4,4,0,0,0,0,588.6983992293208,100,0,true,0,592.6983992293208,4,0,0
153,592.6983992293208,4,4,0,0,0,0,588.6983992293208,100,0,true,0,592.6983992293208,4,0,0
154,592.6983992293208,4,4,0,0,0,0,588.6983992293208,100,0,true,0,592.6983992293208,4,0,0
155,592.6983992293208,4,4,0,0,0,0,588.6983992293208,100,0,true,0,592.6983992293208,4,0,0
156,592.6983992293208,4,4,0,0,0,0,588.6983992293208,100,0,true,0,592.6983992293208,4,0,0
157,592.6983992293208,4,4,0,0,0,0,588.6983992293208,100,0,true,0,592.6983992293208,4,0,0
158,592.6983992293208,4,4,0,0,0,0,588.6983992293208,100,0,true,0,592.6983992293208,4,0,0
159,592.6983992293208,4,4,0,0,0,0,588.6983992293208,100,0,true,0,592.6983992293208,4,0,0
160,592.6983992293208,4,4,0,0,0,0,588.6983992293208,100,0,true,0,592.6983992293208,4,0,0
161,592.6983992293208,4,4,0,0,0,0,588.6983992293208,100,0,true,0,592.6983992293208,4,0,0
162,592.6983992293208,4,4,0,0,0,0,588.6983992293208,100,0,true,0,592.6983992293208,4,0,0
163,592.6983992293208,4,4,0,0,0,0,588.6983992293208,100,0,true,0,592.6983992293208,4,0,0
164,592.6983992293208,4,4,0,0,0,0,588.6983992293208,100,0,true,0,592.6983992293208,4,0,0
165,592.6983992293208,4,4,0,0,0,0,588.6983992293208,100,0,true,0,592.6983992293208,4,0,0
166,592.6983992293208,4,4,0,0,0,0,588.6983992293208,100,0,true,0,592.6983992293208,4,0,0
167,592.6983992293208,4,4,0,0,0,0,588.6983992293208,100,0,true,0,592.6983992293208,4,0,0
168,592.6983992293208,4,4,0,0,0,0,588.6983992293208,100,0,true,0,592.6983992293208,4,0,0
169,592.6983992293208,4,4,0,0,0,0,588.6983992293208,100,0,true,0,592.6983992293208,4,0,0
170,592.6983992293208,4,4,0,0,0,0,588.6983992293208,100,0,true,0,592.6983992293208,4,0,0
171,592.6983992293208,4,4,0,0,0,0,588.6983992293208,100,0,true,0,592.6983992293208,4,0,0
172,592.6983992293208,4,4,0,0,0,0,588.6983992293208,100,0,true,0,592.6983992293208,4,0,0
173,592.6983992293208,4,4,0,0,0,0,588.6983992293208,100,0,true,0,592.6983992293208,4,0,0
174,592.6983992293208,4,4,0,0,0,0,588.6983992293208,100,0,true,0,592.6983992293208,4,0,0
175,592.6983992293208,4,4,0,0,0,0,588.6983992293208,100,0,true,0,592.6983992293208,4,0,0
176,592.6983992293208,4,4,0,0,0,0,588.6983992293208,100,0,true,0,592.6983992293208,4,0,0
177,592.6983992293208,4,4,0,0,0,0,588.6983992293208,100,0,true,0,592.6983992293208,4,0,0
178,592.6983992293208,4,4,0,0,0,0,588.6983992293208,100,0,true,0,592.6983992293208,4,0,0
179,592.6983992293208,4,4,0,0,0,0,588.6983992293208,100,0,true,0,592.6983992293208,4,0,0
180,592.6983992293208,4,4,0,0,0,0,588.6983992293208,100,0,true,0,592.6983992293208,4,0,0
181,592.6983992293208,4,4,0,0,0,0,588.6983992293208,100,0,true,0,592.6983992293208,4,0,0
182,592.6983992293208,4,4,0,0,0,0,588.6983992293208,100,0,true,0,592.6983992293208,4,0,0
183,592.6983992293208,4,4,0,0,0,0,588.6983992293208,100,0,true,0,592.6983992293208,4,0,0
184,592.6983992293208,4,4,0,0,0,0,588.6983992293208,100,0,true,0,592.6983992293208,4,0,0
185,592.6983992293208,4,4,0,0,0,0,588.6983992293208,100,0,true,0,592.6983992293208,4,0,0
186,592.6983992293208,4,4,0,0,0,0,588.6983992293208,100,0,true,0,592.6983992293208,4,0,0
187,592.6983992293208,4,4,0,0,0,0,588.6983992293208,100,0,true,0,592.6983992293208,4,0,0
188,592.6983992293208,4,4,0,0,0,0,588.6983992293208,100,0,true,0,592.6983992293208,4,0,0
189,592.6983992293208,4,4,0,0,0,0,588.6983992293208,100,0,true,0,592.6983992293208,4,0,0
190,592.6983992293208,4,4,0,0,0,0,588.6983992293208,100,0,true,0,592.6983992293208,4,0,0
191,592.6983992293208,4,4,0,0,0,0,588.6983992293208,100,0,true,0,592.6983992293208,4,0,0
192,592.6983992293208,4,4,0,0,0,0,588.6983992293208,100,0,true,0,592.6983992293208,4,0,0
193,592.6983992293208,4,4,0,0,0,0,588.6983992293208,100,0,true,0,592.6983992293208,4,0,0
194,592.6983992293208,4,4,0,0,0,0,588.6983992293208,100,0,true,0,592.6983992293208,4,0,0
195,592.6983992293208,4,4,0,0,0,0,588.6983992293208,100,0,true,0,592.6983992293208,4,0,0
196,592.6983992293208,4,4,0,0,0,0,588.6983992293208,100,0,true,0,592.6983992293208,4,0,0
197,592.6983992293208,4,4,0,0,0,0,588.6983992293208,100,0,true,0,592.6983992293208,4,0,0
198,592.6983992293208,4,4,0,0,0,0,588.6983992293208,100,0,true,0,592.6983992293208,4,0,0
199,592.6983992293208,4,4,0,0,0,0,588.6983992293208,100,0,true,0,592.6983992293208,4,0,0
200,592.6983992293208,4,4,0,0,0,0,588.6983992293208,100,0,true,0,592.6983992293208,4,0,0
201,592.6983992293208,4,4,0,0,0,0,588.6983992293208,100,0,true,0,592.6983992293208,4,0,0
202,592.6983992293208,4,4,0,0,0,0,588.6983992293208,100,0,true,0,592.6983992293208,4,0,0
203,592.6983992293208,4,4,0,0,0,0,588.6983992293208,100,0,true,0,592.6983992293208,4,0,0
204,592.6983992293208,4,4,0,0,0,0,588.6983992293208,100,0,true,0,592.6983992293208,4,0,0
205,592.6983992293208,4,4,0,0,0,0,588.6983992293208,100,0,true,0,592.6983992293208,4,0,0
206,592.6983992293208,4,4,0,0,0,0,588.6983992293208,100,0,true,0,592.6983992293208,4,0,0
207,592.6983992293208,4,4,0,0,0,0,588.6983992293208,100,0,true,0,592.6983992293208,4,0,0
208,592.6983992293208,4,4,0,0,0,0,588.6983992293208,100,0,true,0,592.6983992293208,4,0,0
209,592.6983992293208,4,4,0,0,0,0,588.6983992293208,100,0,true,0,592.6983992293208,4,0,0
210,592.6983992293208,4,4,0,0,0,0,588.6983992293208,100,0,true,0,592.6983992293208,4,0,0
211,592.6983992293208,4,4,0,0,0,0,588.6983992293208,100,0,true,0,592.6983992293208,4,0,0
212,592.6983992293208,4,4,0,0,0,0,588.6983992293208,100,0,true,0,592.6983992293208,4,0,0
213,592.6983992293208,4,4,0,0,0,0,588.6983992293208,100,0,true,0,592.6983992293208,4,0,0
214,592.6983992293208,4,4,0,0,0,0,588.6983992293208,100,0,true,0,592.6983992293208,4,0,0
215,592.6983992293208,4,4,0,0,0,0,588.6983992293208,100,0,true,0,592.6983992293208,4,0,0
216,592.6983992293208,4,4,0,0,0,0,588.6983992293208,100,0,true,0,592.6983992293208,4,0,0
217,592.6983992293208,4,4,0,0,0,0,588.6983992293208,100,0,true,0,592.6983992293208,4,0,0
218,592.6983992293208,4,4,0,0,0,0,588.6983992293208,100,0,true,0,592.6983992293208,4,0,0
219,592.6983992293208,4,4,0,0,0,0,588.6983992293208,100,0,true,0,592.6983992293208,4,0,0
220,592.6983992293208,4,4,0,0,0,0,588.6983992293208,100,0,true,0,592.6983992293208,4,0,0
221,592.6983992293208,4,4,0,0,0,0,588.6983992293208,100,0,true,0,592.6983992293208,4,0,0
222,592.6983992293208,4,4,0,0,0,0,588.6983992293208,100,0,true,0,592.6983992293208,4,0,0
223,592.6983992293208,4,4,0,0,0,0,588.6983992293208,100,0,true,0,592.6983992293208,4,0,0
224,592.6983992293208,4,4,0,0,0,0,588.6983992293208,100,0,true,0,592.6983992293208,4,0,0
225,592.6983992293208,4,4,0,0,0,0,588.6983992293208,100,0,true,0,592.6983992293208,4,0,0
226,592.6983992293208,4,4,0,0,0,0,588.6983992293208,100,0,true,0,592.6983992293208,4,0,0
227,592.6983992293208,4,4,0,0,0,0,588.6983992293208,100,0,true,0,592.6983992293208,4,0,0
228,592.6983992293208,4,4,0,0,0,0,588.6983992293208,100,0,true,0,592.6983992293208,4,0,0
229,592.6983992293208,4,4,0,0,0,0,588.6983992293208,100,0,true,0,592.6983992293208,4,0,0
230,592.6983992293208,4,4,0,0,0,0,588.6983992293208,100,0,true,0,592.6983992293208,4,0,0
231,592.6983992293208,4,4,0,0,0,0,588.6983992293208,100,0,true,0,592.6983992293208,4,0,0
232,592.6983992293208,4,4,0,0,0,0,588.6983992293208,100,0,true,0,592.6983992293208,4,0,0
233,592.6983992293208,4,4,0,0,0,0,588.6983992293208,100,0,true,0,592.6983992293208,4,0,0
234,592.6983992293208,4,4,0,0,0,0,588.6983992293208,100,0,true,0,592.6983992293208,4,0,0
235,592.6983992293208,4,4,0,0,0,0,588.6983992293208,100,0,true,0,592.6983992293208,4,0,0
236,592.6983992293208,4,4,0,0,0,0,588.6983992293208,100,0,true,0,592.6983992293208,4,0,0
237,592.6983992293208,4,4,0,0,0,0,588.6983992293208,100,0,true,0,592.6983992293208,4,0,0
238,592.6983992293208,4,4,0,0,0,0,588.6983992293208,100,0,true,0,592.6983992293208,4,0,0
239,592.6983992293208,4,4,0,0,0,0,588.6983992293208,100,0,true,0,592.6983992293208,4,0,0
240,0,0,0,0,0,0,0,0,100,0,true,0,0,0,0,0