minute,generation_kW,demand_kW,direct_kW,charge_kW,discharge_kW,grid_kW,unserved_kW,curtailed_kW,stored_kWh,reserve_kWh,gridAvailable,primaryGeneration_kW,companionGeneration_kW,baselineDemand_kW,shiftedOut_kW,shiftedIn_kW,gridRequested_kW,gridLimited_kW,gridUnavailable_kW,gridCapacity_kW,gridHeadroom_kW
0,7.51719197503338,3,3,4.51719197503338,0,0,0,0,0,0,false,2.886735731054311,4.630456243979069,3,0,0,0,0,0,0,0
1,7.51719197503338,3,3,4.51719197503338,0,0,0,0,0.07062502809948162,0,false,2.886735731054311,4.630456243979069,3,0,0,0,0,0,0,0
2,7.51719197503338,3,3,4.51719197503338,0,0,0,0,0.14125005619896325,0,false,2.886735731054311,4.630456243979069,3,0,0,0,0,0,0,0
3,7.51719197503338,3,3,4.51719197503338,0,0,0,0,0.21187508429844487,0,false,2.886735731054311,4.630456243979069,3,0,0,0,0,0,0,0
4,7.51719197503338,3,3,4.51719197503338,0,0,0,0,0.2825001123979265,0,false,2.886735731054311,4.630456243979069,3,0,0,0,0,0,0,0
5,7.51719197503338,3,3,4.51719197503338,0,0,0,0,0.3531251404974081,0,false,2.886735731054311,4.630456243979069,3,0,0,0,0,0,0,0
6,7.51719197503338,3,3,4.51719197503338,0,0,0,0,0.42375016859688974,0,false,2.886735731054311,4.630456243979069,3,0,0,0,0,0,0,0
7,7.51719197503338,3,3,4.51719197503338,0,0,0,0,0.49437519669637137,0,false,2.886735731054311,4.630456243979069,3,0,0,0,0,0,0,0
8,7.51719197503338,3,3,4.51719197503338,0,0,0,0,0.565000224795853,0,false,2.886735731054311,4.630456243979069,3,0,0,0,0,0,0,0
9,7.51719197503338,3,3,4.51719197503338,0,0,0,0,0.6356252528953346,0,false,2.886735731054311,4.630456243979069,3,0,0,0,0,0,0,0
10,7.51719197503338,3,3,4.51719197503338,0,0,0,0,0.7062502809948161,0,false,2.886735731054311,4.630456243979069,3,0,0,0,0,0,0,0
11,7.51719197503338,3,3,4.51719197503338,0,0,0,0,0.7768753090942977,0,false,2.886735731054311,4.630456243979069,3,0,0,0,0,0,0,0
12,7.51719197503338,3,3,4.51719197503338,0,0,0,0,0.8475003371937793,0,false,2.886735731054311,4.630456243979069,3,0,0,0,0,0,0,0
13,7.51719197503338,3,3,4.51719197503338,0,0,0,0,0.9181253652932608,0,false,2.886735731054311,4.630456243979069,3,0,0,0,0,0,0,0
14,7.51719197503338,3,3,4.51719197503338,0,0,0,0,0.9887503933927424,0,false,2.886735731054311,4.630456243979069,3,0,0,0,0,0,0,0
15,7.51719197503338,3,3,4.51719197503338,0,0,0,0,1.059375421492224,0,false,2.886735731054311,4.630456243979069,3,0,0,0,0,0,0,0
16,7.51719197503338,3,3,4.51719197503338,0,0,0,0,1.1300004495917055,0,false,2.886735731054311,4.630456243979069,3,0,0,0,0,0,0,0
17,7.51719197503338,3,3,4.51719197503338,0,0,0,0,1.200625477691187,0,false,2.886735731054311,4.630456243979069,3,0,0,0,0,0,0,0
18,7.51719197503338,3,3,4.51719197503338,0,0,0,0,1.2712505057906687,0,false,2.886735731054311,4.630456243979069,3,0,0,0,0,0,0,0
19,7.51719197503338,3,3,4.51719197503338,0,0,0,0,1.3418755338901502,0,false,2.886735731054311,4.630456243979069,3,0,0,0,0,0,0,0
20,7.51719197503338,3,3,4.51719197503338,0,0,0,0,1.4125005619896318,0,false,2.886735731054311,4.630456243979069,3,0,0,0,0,0,0,0
21,7.51719197503338,3,3,4.51719197503338,0,0,0,0,1.4831255900891134,0,false,2.886735731054311,4.630456243979069,3,0,0,0,0,0,0,0
22,7.51719197503338,3,3,4.51719197503338,0,0,0,0,1.553750618188595,0,false,2.886735731054311,4.630456243979069,3,0,0,0,0,0,0,0
23,7.51719197503338,3,3,4.51719197503338,0,0,0,0,1.6243756462880765,0,false,2.886735731054311,4.630456243979069,3,0,0,0,0,0,0,0
24,7.51719197503338,3,3,4.51719197503338,0,0,0,0,1.695000674387558,0,false,2.886735731054311,4.630456243979069,3,0,0,0,0,0,0,0
25,7.51719197503338,3,3,4.51719197503338,0,0,0,0,1.7656257024870396,0,false,2.886735731054311,4.630456243979069,3,0,0,0,0,0,0,0
26,7.353610283606969,3,3,4.353610283606969,0,0,0,0,1.8362507305865212,0,false,2.7231540396279,4.630456243979069,3,0,0,0,0,0,0,0
27,7.190028592180558,3,3,4.190028592180558,0,0,0,0,1.904318204874386,0,false,2.559572348201489,4.630456243979069,3,0,0,0,0,0,0,0
28,7.026446900754146,3,3,4.026446900754146,0,0,0,0,1.9698281253506342,0,false,2.3959906567750773,4.630456243979069,3,0,0,0,0,0,0,0
29,6.862865209327735,3,3,3.862865209327735,0,0,0,0,2.0327804920152657,0,false,2.2324089653486667,4.630456243979069,3,0,0,0,0,0,0,0
30,6.699283517901325,3,3,3.699283517901325,0,0,0,0,2.0931753048682804,0,false,2.068827273922256,4.630456243979069,3,0,0,0,0,0,0,0
31,6.535701826474913,3,3,3.535701826474913,0,0,0,0,2.1510125639096787,0,false,1.9052455824958447,4.630456243979069,3,0,0,0,0,0,0,0
32,6.372120135048502,3,3,3.372120135048502,0,0,0,0,2.20629226913946,0,false,1.7416638910694335,4.630456243979069,3,0,0,0,0,0,0,0
33,6.208538443622092,3,3,3.208538443622092,0,0,0,0,2.259014420557625,0,false,1.578082199643023,4.630456243979069,3,0,0,0,0,0,0,0
34,6.044956752195681,3,3,3.044956752195681,0,0,0,0,2.3091790181641727,0,false,1.4145005082166122,4.630456243979069,3,0,0,0,0,0,0,0
35,5.88137506076927,3,3,2.88137506076927,0,0,0,0,2.356786061959104,0,false,1.2509188167902014,4.630456243979069,3,0,0,0,0,0,0,0
36,5.717793369342859,3,3,2.717793369342859,0,0,0,0,2.4018355519424186,0,false,1.0873371253637905,4.630456243979069,3,0,0,0,0,0,0,0
37,5.554211677916448,3,3,2.554211677916448,0,0,0,0,2.4443274881141166,0,false,0.9237554339373796,4.630456243979069,3,0,0,0,0,0,0,0
38,5.390629986490038,3,3,2.3906299864900378,0,0,0,0,2.4842618704741977,0,false,0.7601737425109688,4.630456243979069,3,0,0,0,0,0,0,0
39,5.227048295063626,3,3,2.227048295063626,0,0,0,0,2.5216386990226622,0,false,0.5965920510845575,4.630456243979069,3,0,0,0,0,0,0,0
40,5.063466603637215,3,3,2.063466603637215,0,0,0,0,2.55645797375951,0,false,0.43301035965814666,4.630456243979069,3,0,0,0,0,0,0,0
41,5.063466603637215,3,3,2.063466603637215,0,0,0,0,2.588719694684741,0,false,0.43301035965814655,4.630456243979069,3,0,0,0,0,0,0,0
42,5.063466603637215,3,3,2.063466603637215,0,0,0,0,2.620981415609972,0,false,0.43301035965814655,4.630456243979069,3,0,0,0,0,0,0,0
43,5.063466603637215,3,3,2.063466603637215,0,0,0,0,2.6532431365352034,0,false,0.43301035965814655,4.630456243979069,3,0,0,0,0,0,0,0
44,5.063466603637215,3,3,2.063466603637215,0,0,0,0,2.6855048574604345,0,false,0.43301035965814655,4.630456243979069,3,0,0,0,0,0,0,0
45,5.063466603637215,3,3,2.063466603637215,0,0,0,0,2.7177665783856657,0,false,0.43301035965814655,4.630456243979069,3,0,0,0,0,0,0,0
46,5.063466603637215,3,3,2.063466603637215,0,0,0,0,2.750028299310897,0,false,0.43301035965814655,4.630456243979069,3,0,0,0,0,0,0,0
47,5.063466603637215,3,3,2.063466603637215,0,0,0,0,2.782290020236128,0,false,0.43301035965814655,4.630456243979069,3,0,0,0,0,0,0,0
48,5.063466603637215,3,3,2.063466603637215,0,0,0,0,2.814551741161359,0,false,0.43301035965814655,4.630456243979069,3,0,0,0,0,0,0,0
49,5.063466603637215,3,3,2.063466603637215,0,0,0,0,2.8468134620865904,0,false,0.43301035965814655,4.630456243979069,3,0,0,0,0,0,0,0
50,5.063466603637215,3,3,2.063466603637215,0,0,0,0,2.8790751830118215,0,false,0.43301035965814655,4.630456243979069,3,0,0,0,0,0,0,0
51,5.063466603637215,3,3,2.063466603637215,0,0,0,0,2.9113369039370527,0,false,0.43301035965814655,4.630456243979069,3,0,0,0,0,0,0,0
52,5.063466603637215,3,3,2.063466603637215,0,0,0,0,2.943598624862284,0,false,0.43301035965814655,4.630456243979069,3,0,0,0,0,0,0,0
53,5.063466603637215,3,3,2.063466603637215,0,0,0,0,2.975860345787515,0,false,0.43301035965814655,4.630456243979069,3,0,0,0,0,0,0,0
54,5.063466603637215,3,3,2.063466603637215,0,0,0,0,3.008122066712746,0,false,0.43301035965814655,4.630456243979069,3,0,0,0,0,0,0,0
55,5.063466603637215,3,3,2.063466603637215,0,0,0,0,3.0403837876379773,0,false,0.43301035965814655,4.630456243979069,3,0,0,0,0,0,0,0
56,5.063466603637215,3,3,2.063466603637215,0,0,0,0,3.0726455085632085,0,false,0.43301035965814655,4.630456243979069,3,0,0,0,0,0,0,0
57,5.063466603637215,3,3,2.063466603637215,0,0,0,0,3.1049072294884397,0,false,0.43301035965814655,4.630456243979069,3,0,0,0,0,0,0,0
58,5.063466603637215,3,3,2.063466603637215,0,0,0,0,3.137168950413671,0,false,0.43301035965814655,4.630456243979069,3,0,0,0,0,0,0,0
59,5.063466603637215,3,3,2.063466603637215,0,0,0,0,3.169430671338902,0,false,0.43301035965814655,4.630456243979069,3,0,0,0,0,0,0,0
60,5.063466603637215,3,3,2.063466603637215,0,0,0,0,3.201692392264133,0,false,0.43301035965814655,4.630456243979069,3,0,0,0,0,0,0,0
61,5.063466603637215,3,3,2.063466603637215,0,0,0,0,3.2339541131893643,0,false,0.43301035965814655,4.630456243979069,3,0,0,0,0,0,0,0
62,5.063466603637215,3,3,2.063466603637215,0,0,0,0,3.2662158341145955,0,false,0.43301035965814655,4.630456243979069,3,0,0,0,0,0,0,0
63,5.063466603637215,3,3,2.063466603637215,0,0,0,0,3.2984775550398266,0,false,0.43301035965814655,4.630456243979069,3,0,0,0,0,0,0,0
64,5.063466603637215,3,3,2.063466603637215,0,0,0,0,3.330739275965058,0,false,0.43301035965814655,4.630456243979069,3,0,0,0,0,0,0,0
65,5.063466603637215,3,3,2.063466603637215,0,0,0,0,3.363000996890289,0,false,0.43301035965814655,4.630456243979069,3,0,0,0,0,0,0,0
66,5.227048295063626,3,3,2.227048295063626,0,0,0,0,3.39526271781552,0,false,0.5965920510845575,4.630456243979069,3,0,0,0,0,0,0,0
67,5.390629986490037,3,3,2.390629986490037,0,0,0,0,3.430081992552368,0,false,0.7601737425109684,4.630456243979069,3,0,0,0,0,0,0,0
68,5.554211677916448,3,3,2.554211677916448,0,0,0,0,3.4674588211008324,0,false,0.9237554339373794,4.630456243979069,3,0,0,0,0,0,0,0
69,5.717793369342859,3,3,2.717793369342859,0,0,0,0,3.5073932034609134,0,false,1.0873371253637902,4.630456243979069,3,0,0,0,0,0,0,0
70,5.88137506076927,3,3,2.88137506076927,0,0,0,0,3.5498851396326114,0,false,1.2509188167902014,4.630456243979069,3,0,0,0,0,0,0,0
71,5.260483377165723,3,3,2.2604833771657233,0,0,0,0,3.594934629615926,0,false,1.4145005082166122,3.8459828689491107,3,0,0,0,0,0,0,0
72,4.733608477139927,3,3,1.733608477139927,0,0,0,0,3.6302766524728494,0,false,1.578082199643023,3.1555262774969037,3,0,0,0,0,0,0,0
73,4.294749289399684,3,3,1.2947492893996841,0,0,0,0,3.6573811342146514,0,false,1.7416638910694335,2.5530853983302504,3,0,0,0,0,0,0,0
74,3.9379047426528,3,3,0.9379047426528002,0,0,0,0,3.677624175788053,0,false,1.9052455824958447,2.0326591601569555,3,0,0,0,0,0,0,0
75,2.068827273922256,3,2.068827273922256,0,0.9311727260777438,0,0,0,3.6922880530752256,0,false,2.068827273922256,0,3,0,0,0,0,0,0,0
76,2.2324089653486667,3,2.2324089653486667,0,0.7675910346513333,0,0,0,3.6757441620543436,0,false,2.2324089653486667,0,3,0,0,0,0,0,0,0
77,2.3959906567750773,3,2.3959906567750773,0,0.6040093432249227,0,0,0,3.6621065821830263,0,false,2.3959906567750773,0,3,0,0,0,0,0,0,0
78,2.5595723482014883,3,2.5595723482014883,0,0.44042765179851173,0,0,0,3.651375313461273,0,false,2.5595723482014883,0,3,0,0,0,0,0,0,0
79,2.7231540396279,3,2.7231540396279,0,0.27684596037209985,0,0,0,3.6435503558890847,0,false,2.7231540396279,0,3,0,0,0,0,0,0,0
80,2.886735731054311,3,2.886735731054311,0,0.11326426894568886,0,0,0,3.638631709466461,0,false,2.886735731054311,0,3,0,0,0,0,0,0,0
81,2.886735731054311,3,2.886735731054311,0,0.11326426894568886,0,0,0,3.636619374193401,0,false,2.886735731054311,0,3,0,0,0,0,0,0,0
82,2.886735731054311,3,2.886735731054311,0,0.11326426894568886,0,0,0,3.6346070389203415,0,false,2.886735731054311,0,3,0,0,0,0,0,0,0
83,2.886735731054311,3,2.886735731054311,0,0.11326426894568886,0,0,0,3.632594703647282,0,false,2.886735731054311,0,3,0,0,0,0,0,0,0
84,2.886735731054311,3,2.886735731054311,0,0.11326426894568886,0,0,0,3.630582368374222,0,false,2.886735731054311,0,3,0,0,0,0,0,0,0
85,2.886735731054311,3,2.886735731054311,0,0.11326426894568886,0,0,0,3.6285700331011626,0,false,2.886735731054311,0,3,0,0,0,0,0,0,0
86,2.886735731054311,3,2.886735731054311,0,0.11326426894568886,0,0,0,3.626557697828103,0,false,2.886735731054311,0,3,0,0,0,0,0,0,0
87,2.886735731054311,3,2.886735731054311,0,0.11326426894568886,0,0,0,3.6245453625550432,0,false,2.886735731054311,0,3,0,0,0,0,0,0,0
88,2.886735731054311,3,2.886735731054311,0,0.11326426894568886,0,0,0,3.6225330272819836,0,false,2.886735731054311,0,3,0,0,0,0,0,0,0
89,2.886735731054311,3,2.886735731054311,0,0.11326426894568886,0,0,0,3.620520692008924,0,false,2.886735731054311,0,3,0,0,0,0,0,0,0
90,2.886735731054311,3,2.886735731054311,0,0.11326426894568886,0,0,0,3.6185083567358642,0,false,2.886735731054311,0,3,0,0,0,0,0,0,0
91,2.886735731054311,3,2.886735731054311,0,0.11326426894568886,0,0,0,3.6164960214628046,0,false,2.886735731054311,0,3,0,0,0,0,0,0,0
92,2.886735731054311,3,2.886735731054311,0,0.11326426894568886,0,0,0,3.614483686189745,0,false,2.886735731054311,0,3,0,0,0,0,0,0,0
93,2.886735731054311,3,2.886735731054311,0,0.11326426894568886,0,0,0,3.6124713509166853,0,false,2.886735731054311,0,3,0,0,0,0,0,0,0
94,2.886735731054311,3,2.886735731054311,0,0.11326426894568886,0,0,0,3.6104590156436256,0,false,2.886735731054311,0,3,0,0,0,0,0,0,0
95,2.886735731054311,3,2.886735731054311,0,0.11326426894568886,0,0,0,3.608446680370566,0,false,2.886735731054311,0,3,0,0,0,0,0,0,0
96,2.886735731054311,3,2.886735731054311,0,0.11326426894568886,0,0,0,3.6064343450975063,0,false,2.886735731054311,0,3,0,0,0,0,0,0,0
97,2.886735731054311,3,2.886735731054311,0,0.11326426894568886,0,0,0,3.6044220098244466,0,false,2.886735731054311,0,3,0,0,0,0,0,0,0
98,2.886735731054311,3,2.886735731054311,0,0.11326426894568886,0,0,0,3.602409674551387,0,false,2.886735731054311,0,3,0,0,0,0,0,0,0
99,2.886735731054311,3,2.886735731054311,0,0.11326426894568886,0,0,0,3.6003973392783273,0,false,2.886735731054311,0,3,0,0,0,0,0,0,0
100,2.886735731054311,3,2.886735731054311,0,0.11326426894568886,0,0,0,3.5983850040052676,0,false,2.886735731054311,0,3,0,0,0,0,0,0,0
101,2.886735731054311,3,2.886735731054311,0,0.11326426894568886,0,0,0,3.596372668732208,0,false,2.886735731054311,0,3,0,0,0,0,0,0,0
102,2.886735731054311,3,2.886735731054311,0,0.11326426894568886,0,0,0,3.5943603334591483,0,false,2.886735731054311,0,3,0,0,0,0,0,0,0
103,2.886735731054311,3,2.886735731054311,0,0.11326426894568886,0,0,0,3.5923479981860886,0,false,2.886735731054311,0,3,0,0,0,0,0,0,0
104,2.886735731054311,3,2.886735731054311,0,0.11326426894568886,0,0,0,3.590335662913029,0,false,2.886735731054311,0,3,0,0,0,0,0,0,0
105,2.886735731054311,3,2.886735731054311,0,0.11326426894568886,0,0,0,3.5883233276399693,0,false,2.886735731054311,0,3,0,0,0,0,0,0,0
106,2.886735731054311,3,2.886735731054311,0,0.11326426894568886,0,0,0,3.5863109923669096,0,false,2.886735731054311,0,3,0,0,0,0,0,0,0
107,2.886735731054311,3,2.886735731054311,0,0.11326426894568886,0,0,0,3.58429865709385,0,false,2.886735731054311,0,3,0,0,0,0,0,0,0
108,2.886735731054311,3,2.886735731054311,0,0.11326426894568886,0,0,0,3.5822863218207903,0,false,2.886735731054311,0,3,0,0,0,0,0,0,0
109,2.886735731054311,3,2.886735731054311,0,0.11326426894568886,0,0,0,3.5802739865477307,0,false,2.886735731054311,0,3,0,0,0,0,0,0,0
110,2.886735731054311,3,2.886735731054311,0,0.11326426894568886,0,0,0,3.578261651274671,0,false,2.886735731054311,0,3,0,0,0,0,0,0,0
111,2.886735731054311,3,2.886735731054311,0,0.11326426894568886,0,0,0,3.5762493160016113,0,false,2.886735731054311,0,3,0,0,0,0,0,0,0
112,2.886735731054311,3,2.886735731054311,0,0.11326426894568886,0,0,0,3.5742369807285517,0,false,2.886735731054311,0,3,0,0,0,0,0,0,0
113,2.886735731054311,3,2.886735731054311,0,0.11326426894568886,0,0,0,3.572224645455492,0,false,2.886735731054311,0,3,0,0,0,0,0,0,0
114,2.886735731054311,3,2.886735731054311,0,0.11326426894568886,0,0,0,3.5702123101824323,0,false,2.886735731054311,0,3,0,0,0,0,0,0,0
115,2.886735731054311,3,2.886735731054311,0,0.11326426894568886,0,0,0,3.5681999749093727,0,false,2.886735731054311,0,3,0,0,0,0,0,0,0
116,2.886735731054311,3,2.886735731054311,0,0.11326426894568886,0,0,0,3.566187639636313,0,false,2.886735731054311,0,3,0,0,0,0,0,0,0
117,2.886735731054311,3,2.886735731054311,0,0.11326426894568886,0,0,0,3.5641753043632534,0,false,2.886735731054311,0,3,0,0,0,0,0,0,0
118,2.886735731054311,3,2.886735731054311,0,0.11326426894568886,0,0,0,3.5621629690901937,0,false,2.886735731054311,0,3,0,0,0,0,0,0,0
119,2.886735731054311,3,2.886735731054311,0,0.11326426894568886,0,0,0,3.560150633817134,0,false,2.886735731054311,0,3,0,0,0,0,0,0,0
120,0,0,0,0,0,0,0,0,3.5581382985440744,0,false,0,0,0,0,0,0,0,0,0,0